secs,cad,hr,km,kph,watts
1,1,80,0.00347,14.1984,360
2,75,81,0.00788,17.2188,360
3,77,83,0.0129,18.8964,255
4,91,84,0.01817,20.0448,245
5,99,86,0.024,21.3732,334
6,101,87,0.0302,22.4172,249
7,102,88,0.03631,22.9752,234
8,103,90,0.04281,23.2992,218
9,103,90,0.04928,23.3424,196
10,102,90,0.05579,23.1228,160
11,102,90,0.06214,22.6908,177
12,101,92,0.06854,22.2876,186
13,100,92,0.07459,21.9456,198
14,100,95,0.08058,21.6648,198
15,99,98,0.08649,21.3768,202
16,99,100,0.09243,21.114,216
17,99,103,0.09843,20.9412,216
18,100,105,0.10409,20.7648,213
19,99,107,0.10978,20.6244,232
20,109,109,0.11559,20.5056,191
21,109,111,0.12124,20.196,191
22,107,111,0.12686,19.908,146
23,106,112,0.13224,19.3608,146
24,104,112,0.13751,18.9612,178
25,103,113,0.14275,18.846,180
26,103,114,0.14802,18.8424,180
27,103,115,0.15339,18.9324,180
28,103,115,0.15866,19.1232,185
29,103,116,0.16397,19.26,178
30,104,117,0.16935,19.5696,209
31,105,117,0.1749,20.3868,199
32,105,118,0.18051,20.0412,205
33,103,118,0.18591,19.2276,200
34,103,119,0.19114,18.0828,206
35,104,119,0.19605,16.9488,206
36,102,120,0.20068,16.2684,262
37,101,121,0.20505,15.5304,237
38,101,122,0.20925,15.0048,262
39,98,123,0.21331,14.7204,248
40,98,123,0.21741,14.3928,258
41,98,123,0.22145,14.3172,277
42,99,124,0.22539,14.58,292
43,100,124,0.22947,15.1416,329
44,99,125,0.23373,15.1884,284
45,98,125,0.2375,12.438,272
46,98,127,0.24088,12.384,268
47,97,127,0.24432,12.8736,268
48,97,128,0.24793,13.3128,256
49,97,129,0.25183,13.6764,256
50,96,130,0.2556,14.0724,256
51,97,131,0.25963,14.472,245
52,97,131,0.26361,14.8104,245
53,96,132,0.26773,15.1596,245
54,96,133,0.27215,15.48,220
55,97,133,0.27647,15.6384,220
56,97,134,0.28085,15.84,220
57,97,135,0.28525,16.0596,219
58,98,135,0.28966,16.29,220
59,97,135,0.29421,16.4952,203
60,98,135,0.29883,16.686,206
61,97,136,0.3035,17.0064,199
62,100,136,0.30838,17.4456,233
63,100,136,0.31328,17.8488,215
64,101,137,0.31828,18.126,206
65,100,137,0.32334,18.3996,195
66,100,136,0.32846,18.6264,185
67,100,136,0.33376,18.9576,185
68,99,136,0.33893,19.4436,166
69,99,137,0.34428,18.9756,166
70,98,137,0.34973,19.3752,166
71,99,137,0.35508,19.8648,156
72,100,138,0.36071,20.4372,168
73,95,137,0.36653,21.0564,188
74,94,136,0.37243,21.6972,240
75,96,137,0.37862,22.6152,240
76,97,137,0.38512,23.4756,240
77,98,137,0.39166,24.12,191
78,99,137,0.39841,24.5772,161
79,99,137,0.40532,24.8796,161
80,100,136,0.41208,25.182,161
81,100,137,0.41936,25.5852,177
82,100,137,0.42656,25.902,150
83,100,137,0.43363,26.1864,162
84,101,137,0.44083,26.4996,162
85,101,137,0.44854,26.856,163
86,102,136,0.45578,27.2232,173
87,102,136,0.4634,27.6732,202
88,99,136,0.47114,28.2204,202
89,101,136,0.47916,28.7856,211
90,101,136,0.4872,29.2536,192
91,102,136,0.49546,29.6244,167
92,101,136,0.50378,29.9376,167
93,101,137,0.51213,30.2544,167
94,101,136,0.52055,30.5064,148
95,101,136,0.52894,30.6576,164
96,102,137,0.53757,30.8412,170
97,102,136,0.5461,31.032,176
98,102,137,0.5549,31.2156,166
99,102,137,0.56364,31.3128,160
100,102,137,0.57236,31.3488,160
101,102,136,0.58101,31.3164,159
102,101,137,0.58961,31.32,161
103,101,136,0.59834,31.3452,161
104,101,137,0.60704,31.428,170
105,100,136,0.61586,31.4712,144
106,100,137,0.62452,31.3632,162
107,101,136,0.63327,31.302,157
108,100,137,0.64178,31.2048,152
109,100,136,0.65056,31.0608,152
110,100,136,0.65919,30.9024,156
111,99,136,0.66756,30.7404,168
112,99,136,0.67638,30.5892,168
113,100,136,0.68473,30.3804,165
114,100,136,0.69306,30.078,176
115,100,136,0.70143,29.5488,191
116,100,137,0.70938,28.7388,184
117,100,136,0.71726,28.062,208
118,101,135,0.72522,28.098,285
119,101,136,0.73306,28.4004,253
120,100,135,0.74082,28.5876,199
121,99,136,0.74879,28.5876,199
122,99,136,0.75674,28.566,193
123,99,136,0.76477,28.458,172
124,98,135,0.77271,28.4004,193
125,99,136,0.78056,28.3968,188
126,99,135,0.78829,28.3788,182
127,99,135,0.79619,28.3896,198
128,99,136,0.80418,28.386,177
129,99,135,0.81193,28.3608,188
130,99,135,0.82008,28.4148,176
131,99,136,0.82768,28.5012,175
132,98,135,0.83572,28.6128,180
133,98,135,0.84363,28.6668,180
134,98,135,0.85188,28.8144,188
135,97,135,0.85989,29.0412,179
136,98,135,0.86802,29.2968,179
137,99,136,0.87614,30.3084,201
138,100,135,0.88469,30.8052,181
139,101,135,0.89316,31.4496,188
140,101,136,0.90232,32.3676,153
141,101,135,0.91114,33.0228,166
142,102,135,0.92037,33.678,166
143,104,135,0.9299,34.56,194
144,102,135,0.93974,35.5032,204
145,100,135,0.9497,36.4428,204
146,101,135,0.96007,37.2708,193
147,101,134,0.97036,37.9008,179
148,103,134,0.98109,38.4264,208
149,103,134,0.99171,38.7324,199
150,104,134,1.00258,38.7,184
151,97,134,1.0131,38.5848,280
152,98,134,1.02379,38.3868,229
153,98,134,1.03463,38.0268,251
154,98,134,1.04514,37.7388,251
155,98,135,1.05531,37.4796,230
156,97,135,1.06595,37.242,228
157,97,136,1.07627,37.2852,245
158,96,137,1.0859,33.426,215
159,95,137,1.09445,31.2696,160
160,99,137,1.10314,30.8016,123
161,98,137,1.11177,30.3516,179
162,97,137,1.11994,29.9016,166
163,96,137,1.12822,29.3076,116
164,93,136,1.13625,28.4688,128
165,93,136,1.14422,27.7272,175
166,93,136,1.15164,27.5724,175
167,92,137,1.15948,27.6336,255
168,93,136,1.16709,27.828,333
169,98,136,1.17489,28.5228,333
170,100,135,1.1829,29.5272,404
171,102,135,1.19134,30.492,322
172,102,135,1.19998,31.068,243
173,102,135,1.20854,31.5072,204
174,101,136,1.21748,31.7664,179
175,100,136,1.22589,30.4488,179
176,99,136,1.23434,30.5424,172
177,99,136,1.24277,30.7008,164
178,98,137,1.25151,30.8232,164
179,99,137,1.26016,31.2588,200
180,98,138,1.26801,29.1384,188
181,97,138,1.27633,29.5092,173
182,97,138,1.2845,29.8116,181
183,99,138,1.29287,30.1608,247
184,99,138,1.30143,30.6072,223
185,100,138,1.30975,30.924,219
186,100,138,1.31843,31.1688,186
187,99,138,1.32722,31.7772,186
188,100,138,1.33608,32.4864,172
189,99,138,1.34529,32.976,202
190,100,138,1.35436,33.372,204
191,99,138,1.36367,33.5916,209
192,99,138,1.37318,33.8436,209
193,99,139,1.38262,34.1136,198
194,99,139,1.39208,34.3908,198
195,100,139,1.40162,34.7148,212
196,101,138,1.41145,35.0856,202
197,101,139,1.42121,35.4852,209
198,101,139,1.43118,35.9208,182
199,102,138,1.44103,36.1404,182
200,101,139,1.45102,36.1584,179
201,102,139,1.46126,36.0252,200
202,101,139,1.47132,35.9928,200
203,101,139,1.48116,35.9856,192
204,101,138,1.49108,35.9352,167
205,100,139,1.50099,35.8776,187
206,100,138,1.51099,35.8848,184
207,100,138,1.52108,35.8344,178
208,100,138,1.53096,35.7444,178
209,100,137,1.54104,35.6616,186
210,101,137,1.55096,35.6184,208
211,101,137,1.56086,35.676,208
212,102,137,1.57067,35.8884,250
213,103,138,1.58076,36.2448,278
214,103,139,1.59083,36.4392,194
215,103,139,1.60077,36.4788,181
216,103,139,1.61104,36.5652,189
217,103,139,1.62106,36.7056,166
218,102,139,1.63132,36.9468,177
219,102,139,1.64179,37.332,176
220,102,139,1.65226,37.8144,176
221,102,139,1.66297,38.3436,168
222,103,138,1.67339,38.8728,168
223,103,138,1.68437,39.3912,168
224,103,138,1.69544,39.852,177
225,104,139,1.7064,40.2048,181
226,103,138,1.71762,40.3884,155
227,104,138,1.72894,40.4028,155
228,100,138,1.74007,40.5144,305
229,101,139,1.75151,40.9788,284
230,101,139,1.76291,41.346,209
231,101,139,1.77461,41.4756,223
232,101,139,1.78619,41.742,223
233,101,139,1.79764,42.0984,215
234,101,139,1.80954,42.6348,215
235,102,139,1.82124,43.3584,215
236,102,139,1.83363,44.2044,203
237,102,139,1.84619,45.1944,205
238,102,139,1.85871,46.2456,194
239,103,139,1.87163,47.3076,183
240,103,139,1.88481,48.2976,173
241,104,140,1.89834,49.1364,173
242,104,139,1.91197,49.626,162
243,104,139,1.9261,49.6404,187
244,105,140,1.93998,49.4028,187
245,104,140,1.95369,49.6296,179
246,103,139,1.96757,50.9076,173
247,103,139,1.98207,50.958,186
248,104,138,1.99581,50.3784,182
249,104,138,2.00981,51.0336,182
250,103,138,2.02413,51.2388,112
251,102,137,2.03808,50.9832,115
252,101,138,2.05247,50.3784,127
253,100,138,2.06603,49.5648,127
254,99,138,2.07992,48.7296,120
255,98,137,2.09307,47.988,126
256,98,137,2.10664,47.2608,126
257,97,136,2.11936,46.4724,148
258,97,136,2.13251,45.9216,148
259,96,135,2.14487,45.8172,148
260,96,135,2.15802,46.0728,164
261,96,135,2.17092,46.6272,164
262,96,134,2.18382,47.3292,182
263,96,135,2.19698,47.8548,159
264,97,134,2.21046,48.3372,159
265,97,134,2.2236,48.7836,148
266,97,133,2.23738,49.1544,135
267,97,133,2.25097,49.4316,143
268,97,132,2.26492,49.608,159
269,96,131,2.27861,49.6008,159
270,97,131,2.29219,45.6192,159
271,96,131,2.30472,45.1944,160
272,98,131,2.31725,44.7516,319
273,105,131,2.32988,44.5176,319
274,108,131,2.342,44.226,429
275,109,131,2.3545,44.0136,453
276,108,131,2.36656,43.6176,263
277,108,130,2.37821,41.652,272
278,106,131,2.38996,41.1948,189
279,104,131,2.40113,40.5576,213
280,102,132,2.41267,39.9312,163
281,100,133,2.4234,39.3228,162
282,100,134,2.43439,38.6964,206
283,99,135,2.44518,38.2716,212
284,98,136,2.45572,37.962,187
285,98,137,2.46599,37.6452,187
286,97,137,2.47639,37.4652,206
287,97,138,2.4868,37.2996,203
288,98,138,2.49728,37.1448,203
289,98,137,2.50756,37.0188,204
290,98,137,2.51788,36.9828,202
291,98,138,2.52819,36.9936,221
292,99,138,2.53857,36.9828,197
293,99,137,2.54875,36.72,214
294,98,137,2.55881,36.306,214
295,98,137,2.56893,35.5716,224
296,97,138,2.57868,34.9524,216
297,97,138,2.58798,34.3692,216
298,97,138,2.59767,34.0956,274
299,98,139,2.60705,34.092,273
300,98,139,2.61647,34.3044,273
301,99,139,2.62603,34.9164,354
302,99,139,2.63618,35.5968,235
303,100,140,2.64617,35.7732,234
304,99,140,2.65574,35.8848,199
305,99,140,2.66585,35.9244,199
306,99,140,2.6759,35.8848,199
307,99,141,2.68583,35.7372,192
308,99,141,2.69554,35.6076,208
309,99,141,2.70555,35.5608,218
310,99,142,2.71551,35.7408,220
311,99,142,2.72555,36.1188,221
312,100,142,2.73576,36.6444,220
313,100,143,2.74578,37.2672,204
314,99,143,2.75638,37.998,164
315,99,143,2.76676,38.7828,189
316,99,143,2.77793,39.9708,181
317,100,143,2.78938,41.3532,168
318,100,143,2.8008,42.7104,168
319,101,142,2.81286,44.0064,157
320,102,142,2.82525,45.234,157
321,102,142,2.83824,46.3176,159
322,102,142,2.85114,47.0268,142
323,102,143,2.86411,47.5488,149
324,103,142,2.87724,48.3372,138
325,102,142,2.89115,49.6044,133
326,102,142,2.90496,50.8932,133
327,105,142,2.91966,52.0272,133
328,105,141,2.93387,53.4564,214
329,106,141,2.94884,54.9756,198
330,103,141,2.96483,57.5136,340
331,103,141,2.98122,59.7888,242
332,105,141,2.99749,60.4368,222
333,106,140,3.01428,61.416,248
334,108,141,3.03162,61.7544,226
335,102,140,3.04927,61.92,256
336,99,140,3.06591,62.4816,171
337,99,140,3.08355,63.1152,157
338,97,140,3.10118,63.4572,124
339,97,140,3.11856,62.3952,124
340,98,140,3.13576,60.3576,199
341,98,140,3.15212,59.1048,171
342,97,140,3.16887,57.996,192
343,74,140,3.18472,55.7928,119
344,92,139,3.19963,53.244,422
345,97,139,3.2142,51.5628,122
346,102,139,3.22804,50.0076,142
347,100,140,3.24208,48.6612,195
348,100,139,3.2553,47.6388,225
349,99,140,3.26813,46.8108,225
350,100,139,3.28129,46.0116,238
351,100,140,3.29391,45.4212,238
352,101,139,3.30668,44.964,243
353,101,139,3.31905,44.7948,261
354,102,140,3.33138,44.7552,261
355,101,140,3.34367,44.7696,261
356,102,140,3.35621,44.8452,268
357,102,140,3.36884,44.9676,250
358,102,140,3.38136,45.072,233
359,102,141,3.39362,45.1404,233
360,102,141,3.40622,45.45,213
361,102,141,3.41909,45.36,229
362,102,141,3.43133,45.1548,229
363,101,142,3.44423,44.7084,246
364,101,142,3.45631,43.9668,239
365,101,142,3.46789,40.9824,216
366,100,142,3.47936,39.996,224
367,99,142,3.49032,38.7756,224
368,97,143,3.50076,37.6164,224
369,97,143,3.51133,36.6552,266
370,96,143,3.52135,35.874,295
371,96,143,3.53094,35.2656,262
372,108,143,3.54075,34.6716,262
373,108,143,3.55038,33.6888,130
374,108,143,3.55968,32.6628,130
375,99,144,3.56842,31.842,174
376,98,144,3.57706,31.3524,255
377,98,143,3.58611,30.9996,222
378,98,143,3.59431,30.6108,242
379,98,144,3.60296,30.1968,224
380,99,144,3.61134,29.7468,228
381,98,144,3.6194,29.3292,235
382,98,145,3.62769,28.89,231
383,97,145,3.63536,28.4328,231
384,98,145,3.64345,27.8784,229
385,97,145,3.65105,27.36,249
386,97,145,3.65862,26.7732,239
387,97,145,3.66581,26.0892,239
388,96,145,3.67283,25.272,220
389,95,145,3.67989,24.4116,237
390,102,146,3.68663,23.5008,168
391,101,146,3.69291,22.3632,218
392,99,146,3.69896,21.6972,218
393,99,146,3.70484,21.1572,222
394,99,146,3.71072,20.8692,276
395,99,146,3.71644,20.592,268
396,94,146,3.72232,20.2932,270
397,76,147,3.72787,19.62,208
398,87,147,3.73313,19.4472,292
399,99,148,3.7385,19.6308,352
400,98,148,3.74402,19.7028,267
401,98,148,3.7495,19.5588,293
402,97,148,3.75492,19.5588,266
403,96,148,3.76026,19.2852,220
404,95,148,3.76561,18.8748,243
405,95,149,3.77076,18.6948,243
406,95,149,3.77595,18.6336,260
407,94,150,3.78122,18.6696,271
408,94,150,3.78643,18.702,271
409,95,151,3.79169,18.6768,257
410,94,152,3.79676,18.612,258
411,94,151,3.80187,18.594,267
412,94,151,3.80715,18.5904,250
413,94,152,3.81231,18.6264,262
414,94,152,3.8174,18.7812,248
415,94,152,3.82281,18.918,241
416,94,153,3.82801,19.1376,236
417,94,153,3.83328,19.5948,236
418,95,152,3.83887,20.3292,244
419,95,153,3.84474,21.06,233
420,96,153,3.85058,21.5928,233
421,98,153,3.85674,21.8772,250
422,99,153,3.86271,21.9168,231
423,99,153,3.86872,21.7872,234
424,100,153,3.87491,21.6396,231
425,99,152,3.88085,21.4884,210
426,96,152,3.88686,21.222,210
427,96,152,3.89257,21.1284,234
428,98,152,3.89844,20.88,220
429,98,152,3.90442,21.0312,260
430,97,152,3.91024,21.0132,223
431,98,152,3.91609,20.9448,226
432,96,151,3.92174,20.8512,232
433,96,152,3.9276,20.6244,225
434,96,151,3.93314,20.2284,235
435,96,151,3.93881,19.9692,235
436,96,152,3.94441,19.746,239
437,102,151,3.94965,19.4076,189
438,106,151,3.95513,18.7308,189
439,104,151,3.96031,18.2556,221
440,103,151,3.96511,17.7048,204
441,103,150,3.97003,17.0856,216
442,90,150,3.97463,16.4988,230
443,94,150,3.97924,15.7896,230
444,94,150,3.98352,15.3612,315
445,94,150,3.98764,15.0696,314
446,93,150,3.99187,14.5368,290
447,92,151,3.99582,13.6836,228
448,97,151,3.99945,12.5064,242
449,95,151,4.00271,11.8008,242
450,93,151,4.00598,11.466,241
451,93,151,4.00925,11.808,288
452,93,152,4.01252,12.2976,288
453,92,151,4.01603,12.7116,288
454,93,151,4.01959,12.9456,278
455,95,152,4.02318,12.9384,231
456,90,152,4.02664,12.402,206
457,91,152,4.03012,11.646,258
458,99,151,4.03324,11.736,258
459,107,152,4.03636,10.5084,160
460,103,152,4.03912,9.468,160
461,97,152,4.04182,9.7848,283
462,96,152,4.04469,10.5408,283
463,94,152,4.0476,11.1276,283
464,93,152,4.0508,11.6496,283
465,93,152,4.05408,11.5596,231
466,94,152,4.05734,11.8116,266
467,94,152,4.06065,12.2868,268
468,96,152,4.06407,12.6468,268
469,96,152,4.06766,12.8016,245
470,97,152,4.07125,12.798,245
471,97,152,4.07469,12.7224,237
472,96,152,4.07832,12.582,224
473,97,153,4.08177,12.384,224
474,96,152,4.08518,12.294,236
475,96,152,4.08849,12.2148,230
476,96,152,4.09192,12.1248,238
477,96,153,4.09533,12.0348,223
478,95,153,4.0986,11.6028,234
479,96,153,4.1017,11.3544,234
480,95,153,4.10491,11.3652,229
481,94,152,4.10816,11.8116,224
482,94,152,4.11136,11.8656,224
483,95,152,4.11477,12.5316,253
484,96,152,4.11838,13.5828,254
485,96,153,4.12236,14.8176,219
486,99,153,4.12662,16.3296,213
487,101,153,4.13154,18.4536,200
488,103,153,4.13704,20.8764,180
489,97,152,4.14316,23.4684,181
490,100,152,4.15032,26.3124,198
491,95,152,4.15785,29.016,198
492,99,152,4.16641,31.6404,224
493,103,152,4.17544,33.6276,185
494,105,152,4.18502,35.082,166
495,102,152,4.19486,36.2772,181
496,97,151,4.20504,37.3572,179
497,98,151,4.21559,38.3508,172
498,94,151,4.22656,39.5064,248
499,96,150,4.23732,40.626,205
500,97,150,4.24913,41.5404,212
501,98,150,4.26067,42.4836,182
502,98,150,4.27245,43.5996,182
503,99,150,4.28484,45.0612,165
504,100,150,4.29782,46.8828,180
505,101,149,4.31127,48.7116,177
506,103,150,4.32478,50.346,177
507,103,149,4.33896,51.7572,167
508,105,150,4.3533,52.6572,154
509,89,149,4.36846,52.8012,154
510,78,149,4.38262,52.4592,154
511,89,149,4.3971,52.8048,368
512,90,149,4.41251,53.5716,328
513,92,149,4.42685,54.4896,324
514,93,150,4.4421,55.3644,312
515,93,150,4.45778,55.8936,278
516,95,151,4.47376,56.1888,259
517,96,151,4.48924,56.3544,257
518,96,150,4.50491,56.4876,274
519,96,149,4.52025,56.718,239
520,96,149,4.53672,56.8332,249
521,96,150,4.55205,55.9836,235
522,96,150,4.56731,54.3564,247
523,96,150,4.58246,52.4376,228
524,93,150,4.5968,50.4864,228
525,93,150,4.61011,48.7332,260
526,91,150,4.62337,47.0052,244
527,91,150,4.6364,45.108,187
528,92,151,4.64871,43.1856,222
529,101,150,4.66004,41.2884,192
530,98,150,4.67141,38.9772,210
531,96,150,4.68215,37.0512,212
532,95,151,4.69205,36.3528,249
533,92,151,4.70231,35.9064,243
534,91,151,4.71205,35.7948,243
535,81,150,4.72197,35.7444,243
536,85,150,4.73193,34.9272,95
537,105,150,4.74124,34.2072,188
538,105,150,4.75067,33.2784,197
539,104,150,4.75964,32.0184,171
540,102,150,4.76852,30.5712,153
541,99,150,4.77685,29.124,157
542,97,150,4.7847,27.7812,171
543,97,150,4.7921,26.6148,171
544,96,150,4.79949,25.8084,221
545,96,150,4.80644,25.0524,221
546,96,150,4.81361,24.552,229
547,95,150,4.82012,24.084,229
548,95,149,4.82698,23.7528,233
549,96,149,4.83354,23.4468,215
550,96,150,4.83993,23.4108,242
551,97,150,4.84649,23.4972,242
552,96,150,4.85307,23.5296,219
553,96,150,4.85959,23.5116,221
554,97,150,4.86597,23.5692,227
555,97,149,4.87255,23.598,213
556,96,150,4.87898,23.544,205
557,97,149,4.8855,23.436,205
558,97,150,4.89203,23.3496,205
559,97,149,4.8986,23.2056,213
560,97,149,4.90507,23.0544,213
561,97,149,4.91153,22.8816,212
562,96,150,4.91774,22.6692,212
563,96,149,4.92393,22.41,217
564,96,149,4.9303,22.1688,224
565,96,149,4.93636,21.9672,214
566,96,150,4.94241,21.7548,223
567,96,149,4.94829,21.6216,223
568,95,150,4.9544,21.5388,223
569,95,150,4.96037,21.5532,225
570,95,150,4.96642,21.6504,228
571,95,149,4.97251,21.8592,231
572,96,150,4.97864,22.086,231
573,96,149,4.98483,22.2696,213
574,96,150,4.99106,22.77,218
575,96,150,4.99735,23.6988,210
576,97,150,5.00419,24.1524,213
577,97,149,5.0107,24.2316,213
578,98,149,5.01754,24.2892,211
579,98,149,5.02437,24.4512,211
580,98,150,5.03094,24.6132,211
581,98,150,5.03794,24.7104,214
582,98,150,5.04488,24.696,203
583,98,150,5.05173,24.6888,205
584,98,150,5.05863,24.7788,211
585,100,150,5.06551,25.2648,254
586,102,150,5.07247,25.7796,301
587,102,150,5.0799,26.334,236
588,103,150,5.08725,26.694,226
589,102,150,5.09468,27.0036,185
590,102,150,5.10201,27.2412,185
591,103,150,5.10979,27.7056,195
592,103,151,5.11743,28.2924,185
593,107,151,5.12546,29.0772,203
594,95,151,5.13379,30.1032,251
595,100,150,5.14248,31.356,295
596,102,151,5.15101,32.5764,245
597,102,150,5.16048,33.786,245
598,104,151,5.1698,34.9092,201
599,105,151,5.1797,35.8704,209
600,105,151,5.18947,35.1252,209
601,105,151,5.19921,35.5896,180
602,103,151,5.20925,36.1116,204
603,97,152,5.21928,36.8352,310
604,99,152,5.22969,36.7812,279
605,99,151,5.23995,36.2088,241
606,98,151,5.2497,35.586,241
607,98,151,5.25938,34.9092,237
608,97,151,5.26918,34.2252,254
609,96,151,5.27838,33.6492,254
610,96,151,5.28776,33.0156,237
611,96,151,5.29701,32.5692,269
612,95,151,5.30589,32.112,252
613,94,151,5.31496,31.6008,251
614,93,151,5.32348,31.2048,251
615,94,151,5.33194,30.8628,255
616,93,151,5.34071,30.5748,255
617,94,150,5.34929,30.4488,281
618,94,150,5.35741,30.4704,296
619,111,151,5.36594,30.3912,185
620,111,150,5.37458,29.8512,196
621,109,150,5.38272,29.2356,167
622,107,151,5.39056,28.5696,194
623,96,150,5.39834,28.0404,194
624,98,151,5.40636,27.828,316
625,97,152,5.41336,24.3324,274
626,96,151,5.42,24.2964,274
627,94,151,5.4268,24.0516,200
628,93,151,5.43346,23.6448,202
629,93,151,5.44009,23.4396,242
630,100,151,5.44653,23.3496,201
631,91,151,5.45299,23.3136,220
632,93,152,5.45943,23.5332,263
633,102,151,5.46596,23.994,263
634,103,151,5.47275,24.426,255
635,102,151,5.47943,24.3648,174
636,102,151,5.48634,24.4872,194
637,101,151,5.49305,24.642,186
638,101,152,5.49997,24.7464,171
639,101,152,5.50695,24.9192,177
640,101,152,5.51397,25.1352,177
641,101,152,5.52075,25.3728,180
642,101,151,5.52807,25.6932,180
643,102,151,5.53521,26.1324,191
644,102,151,5.54261,26.6364,188
645,103,152,5.54992,27.1008,162
646,103,151,5.55748,27.6012,168
647,103,151,5.56516,28.0152,154
648,103,151,5.57329,28.4688,151
649,104,151,5.58101,28.872,147
650,103,151,5.5891,29.1636,136
651,103,151,5.59738,29.2428,125
652,103,151,5.6055,29.4624,161
653,100,151,5.61368,29.664,158
654,99,151,5.62189,29.9808,211
655,99,151,5.63049,30.456,167
656,100,151,5.63882,30.8376,167
657,100,152,5.64735,31.4244,181
658,101,151,5.65629,32.166,151
659,101,152,5.66529,33.0552,151
660,102,151,5.6746,34.236,158
661,103,151,5.68463,35.8596,158
662,103,151,5.69476,37.7064,158
663,104,151,5.70561,39.7512,158
664,105,151,5.71685,41.9112,158
665,106,150,5.72877,44.0676,133
666,103,150,5.74148,46.1088,133
667,103,150,5.75428,47.9664,169
668,104,150,5.76787,49.5504,159
669,105,150,5.78176,50.4504,151
670,99,149,5.79583,50.4684,151
671,99,149,5.80965,49.7304,162
672,100,149,5.82347,48.3408,168
673,99,148,5.83654,46.7532,176
674,99,149,5.84935,45.306,211
675,97,149,5.86184,44.4456,218
676,97,149,5.87419,43.4664,267
677,95,149,5.88596,42.246,210
678,95,148,5.89748,40.6512,222
679,94,148,5.90862,39.132,222
680,97,147,5.91927,37.3824,131
681,96,148,5.92937,35.8092,131
682,94,147,5.93934,34.596,206
683,94,147,5.94874,33.6384,256
684,94,147,5.95795,33.066,256
685,94,147,5.96699,32.8284,253
686,96,147,5.97614,32.958,282
687,97,147,5.98538,33.8832,266
688,97,147,5.99445,33.0912,262
689,97,147,6.00375,34.1712,248
690,99,147,6.01341,34.956,228
691,100,147,6.02331,35.2008,187
692,101,147,6.03304,34.7868,187
693,101,147,6.04249,34.002,187
694,99,147,6.05159,33.048,185
695,98,147,6.06097,32.0148,172
696,98,147,6.06973,31.284,215
697,97,147,6.07838,30.96,251
698,96,148,6.08663,30.8988,232
699,97,148,6.09554,30.9492,232
700,98,149,6.10395,31.158,262
701,98,149,6.11266,31.4424,220
702,98,149,6.12144,31.59,228
703,99,149,6.13028,31.788,228
704,99,149,6.13895,31.8888,205
705,99,149,6.14808,32.0076,205
706,99,149,6.15695,32.1012,205
707,99,149,6.16568,32.1336,209
708,99,149,6.17457,32.1588,209
709,99,150,6.18379,32.1804,198
710,99,150,6.19272,32.22,195
711,99,150,6.20165,32.2848,194
712,100,150,6.21073,32.3136,194
713,99,150,6.21935,32.3028,194
714,99,149,6.22841,32.4972,176
715,98,148,6.23785,33.768,177
716,98,148,6.24742,35.7264,177
717,100,149,6.25748,38.2716,198
718,102,149,6.26891,41.2848,206
719,103,150,6.28048,43.9704,168
720,106,150,6.2929,46.4472,168
721,106,149,6.30615,49.0464,185
722,106,150,6.32017,51.3324,91
723,80,149,6.33485,52.8264,196
724,84,150,6.34962,54.0396,455
725,88,149,6.36517,55.0296,310
726,96,149,6.38025,55.512,310
727,97,150,6.39562,56.052,293
728,97,150,6.41175,56.5128,270
729,97,149,6.42689,56.718,221
730,98,150,6.44299,56.3328,236
731,98,149,6.4586,56.754,242
732,99,150,6.4745,57.0672,245
733,99,150,6.49004,56.916,235
734,100,150,6.50561,56.3868,208
735,99,150,6.52143,55.62,228
736,99,150,6.53691,54.8568,228
737,98,150,6.55189,54.1008,228
738,98,150,6.5668,53.3016,207
739,97,151,6.58176,52.524,207
740,97,151,6.59584,51.8364,211
741,96,151,6.61025,51.3936,244
742,96,151,6.62479,52.0776,226
743,96,151,6.63918,52.2108,238
744,96,151,6.65361,52.2144,237
745,97,151,6.66796,52.0596,237
746,97,151,6.68259,52.1208,283
747,97,152,6.69742,52.3656,262
748,97,152,6.7115,52.38,246
749,97,152,6.72654,52.3548,274
750,97,152,6.74095,52.3368,266
751,97,152,6.75529,52.3692,281
752,97,152,6.76979,52.326,242
753,97,152,6.78465,52.5816,235
754,97,152,6.79929,51.822,292
755,97,152,6.81336,51.714,315
756,97,152,6.8278,51.5376,269
757,97,152,6.84184,51.2748,257
758,97,152,6.8563,51.0444,261
759,97,153,6.87037,50.8896,261
760,97,153,6.88462,51.0732,261
761,97,153,6.89865,50.8572,257
762,97,153,6.91284,50.4288,232
763,97,153,6.92695,50.256,281
764,97,153,6.94064,50.9328,255
765,97,153,6.95538,52.0848,258
766,97,153,6.96975,52.9416,258
767,98,154,6.98484,53.514,245
768,97,154,6.99954,53.9028,197
769,98,154,7.01426,54.0864,197
770,97,154,7.0295,54.3384,217
771,97,154,7.04441,54.522,207
772,97,154,7.05992,54.7164,221
773,97,154,7.07535,54.8424,245
774,97,154,7.09021,54.8712,225
775,97,155,7.10525,54.5868,245
776,97,154,7.12098,54.2556,226
777,96,155,7.13543,53.9604,233
778,96,154,7.1509,53.622,233
779,96,155,7.16519,52.7544,225
780,96,155,7.18005,51.8832,244
781,95,155,7.194,51.0768,228
782,95,155,7.20834,50.4252,269
783,95,155,7.22199,49.7304,233
784,94,155,7.23565,49.0284,208
785,94,155,7.24923,48.4704,215
786,93,154,7.26256,48.042,225
787,93,155,7.27648,47.7108,251
788,93,154,7.2895,47.4156,258
789,93,154,7.30237,47.0916,248
790,90,154,7.31549,45.612,238
791,129,154,7.32783,44.0028,0
792,103,153,7.33967,39.7764,0
793,101,153,7.35023,38.07,203
794,101,153,7.3607,37.7784,291
795,101,153,7.37096,37.2744,320
796,101,154,7.38146,36.6696,322
797,100,153,7.39148,36.1368,335
798,100,153,7.40167,35.6184,324
799,100,154,7.41129,35.0568,324
800,99,154,7.42096,34.4052,279
801,97,155,7.43044,33.516,228
802,96,155,7.43954,32.4936,228
803,95,155,7.44828,31.6656,265
804,95,155,7.45715,30.9384,296
805,99,156,7.46548,30.2184,296
806,98,156,7.47398,29.3112,269
807,97,156,7.48194,28.35,258
808,96,156,7.48958,27.3492,272
809,96,157,7.49705,26.3052,259
810,94,157,7.50434,25.3836,278
811,93,157,7.51121,24.8076,278
812,98,157,7.51808,24.5556,278
813,96,157,7.52488,25.3224,301
814,95,157,7.53121,21.5712,248
815,94,157,7.53727,21.3912,237
816,94,158,7.54332,21.8628,254
817,94,158,7.54955,22.3776,233
818,95,158,7.55562,22.9788,233
819,96,158,7.56225,23.7456,245
820,97,158,7.56904,24.5448,227
821,98,158,7.57593,25.2576,209
822,99,158,7.58302,25.848,209
823,101,158,7.59029,26.2584,217
824,100,158,7.59762,26.3448,187
825,101,158,7.60499,26.3628,187
826,101,158,7.6122,26.8884,213
827,100,158,7.61994,27.8208,188
828,101,159,7.62758,29.0088,182
829,101,159,7.6359,30.42,163
830,102,159,7.64477,31.9716,163
831,103,159,7.65378,33.5772,170
832,98,159,7.66334,35.2296,165
833,101,158,7.67316,36.8604,203
834,101,158,7.68396,38.6388,199
835,103,159,7.69475,40.2444,199
836,104,159,7.706,41.7384,192
837,97,159,7.71804,43.2108,203
838,100,159,7.73034,44.604,225
839,101,159,7.74298,45.7128,184
840,101,159,7.75546,46.656,184
841,102,158,7.76883,47.6676,181
842,102,158,7.78242,48.6576,168
843,102,158,7.79593,49.8096,160
844,103,158,7.80981,50.9256,160
845,103,158,7.82382,51.8292,185
846,104,159,7.83837,52.4052,155
847,103,158,7.85344,52.8408,155
848,97,158,7.86806,53.0856,254
849,98,158,7.88259,52.668,242
850,98,158,7.89718,51.8904,217
851,97,159,7.91151,50.904,184
852,97,159,7.9257,49.9824,218
853,96,158,7.93928,49.482,233
854,96,158,7.95263,48.7008,254
855,98,158,7.96617,45.4104,203
856,101,158,7.9785,44.6904,273
857,101,157,7.9911,44.3124,228
858,99,158,8.00349,43.7148,228
859,99,158,8.0151,43.0128,225
860,98,157,8.02694,42.0984,235
861,98,158,8.0386,41.1912,212
862,97,158,8.04994,40.2984,212
863,97,159,8.06104,39.5316,229
864,97,159,8.07176,38.8368,229
865,102,158,8.08263,38.1852,229
866,102,158,8.09329,37.584,203
867,101,158,8.10376,36.9936,203
868,100,159,8.11369,36.522,203
869,100,159,8.12377,36.1836,206
870,100,160,8.1337,36.0756,222
871,101,159,8.14391,36.198,222
872,102,160,8.15405,36.4788,215
873,102,159,8.16411,36.8064,200
874,103,159,8.17442,37.0476,200
875,103,160,8.18462,36.918,183
876,103,160,8.19507,36.378,180
877,103,160,8.20497,35.5788,180
878,102,160,8.21487,34.8696,199
879,101,160,8.22429,34.5708,181
880,101,160,8.23376,35.0712,206
881,100,160,8.24384,36.2556,182
882,101,160,8.25411,37.4724,208
883,102,160,8.26469,38.2248,208
884,103,160,8.27554,38.772,193
885,104,160,8.28597,38.9484,183
886,104,159,8.29706,39.4164,183
887,100,160,8.30803,41.0796,167
888,100,160,8.31998,43.1316,270
889,101,159,8.3319,44.3376,215
890,102,159,8.34466,44.6688,189
891,103,158,8.35679,44.766,167
892,102,158,8.36909,44.4744,170
893,102,158,8.38145,43.4016,184
894,102,157,8.39321,41.976,183
895,101,157,8.40462,40.3272,183
896,99,158,8.41584,38.4516,183
897,97,157,8.42615,36.6804,194
898,96,157,8.43623,35.0388,220
899,97,157,8.44547,33.5952,242
900,99,156,8.4547,32.1876,227
901,97,157,8.46358,30.8232,223
902,96,156,8.47188,29.772,269
903,96,156,8.47989,28.9548,288
904,95,156,8.48806,27.828,254
905,94,156,8.49547,26.0388,192
906,98,156,8.50233,24.1128,204
907,96,156,8.50876,22.374,204
908,95,156,8.51477,21.2328,267
909,94,156,8.52071,20.2248,292
910,93,156,8.52606,19.5696,292
911,93,156,8.53147,19.0548,298
912,92,155,8.53681,18.5688,285
913,92,156,8.54179,18.0432,263
914,107,155,8.54667,17.4744,253
915,106,156,8.55144,16.8336,217
916,103,156,8.55603,16.038,217
917,101,155,8.56046,15.3756,229
918,100,156,8.56462,14.904,222
919,99,156,8.56864,14.4612,222
920,99,155,8.57267,14.4432,261
921,97,155,8.5767,14.4576,252
922,97,156,8.5808,14.3676,236
923,97,155,8.58475,14.4144,255
924,97,155,8.58869,14.5008,255
925,98,155,8.59279,14.5476,250
926,97,155,8.59682,14.8536,237
927,97,155,8.60097,15.2676,246
928,97,155,8.60533,15.138,246
929,97,155,8.60949,15.048,247
930,97,156,8.61365,14.9688,247
931,97,155,8.61776,14.904,251
932,96,155,8.62186,14.7564,236
933,96,155,8.626,14.5908,236
934,96,155,8.63004,14.5044,241
935,96,155,8.63404,14.4432,242
936,96,155,8.63804,14.3712,241
937,96,155,8.64194,14.2884,242
938,96,155,8.646,14.2236,244
939,97,156,8.64993,14.1876,244
940,96,155,8.65387,14.1624,244
941,96,156,8.65782,14.1804,246
942,97,156,8.66171,14.238,255
943,98,156,8.66565,14.3964,255
944,98,157,8.66971,14.8464,283
945,98,156,8.67394,15.1416,251
946,99,156,8.67815,15.2964,246
947,98,156,8.68247,15.5232,246
948,98,157,8.68681,15.8112,238
949,99,157,8.6912,16.1064,238
950,99,157,8.69581,16.4772,239
951,100,157,8.70038,16.8228,215
952,99,158,8.705,17.046,215
953,99,158,8.70983,17.154,195
954,100,158,8.71465,17.3592,200
955,100,158,8.71953,17.532,187
956,100,159,8.72432,17.7228,187
957,99,159,8.72924,18.0108,183
958,101,159,8.73432,18.648,195
959,101,159,8.73979,19.5444,170
960,101,159,8.7452,20.5272,167
961,103,159,8.75103,21.5208,167
962,100,159,8.7574,22.68,164
963,97,160,8.7637,23.58,142
964,98,160,8.77051,24.5628,201
965,101,159,8.77736,25.3476,175
966,101,159,8.78454,25.7508,137
967,102,159,8.7917,25.83,149
968,76,159,8.79889,26.0604,143
969,78,159,8.80617,26.1396,82
970,93,159,8.81339,26.2044,237
971,94,158,8.82062,26.226,275
972,96,158,8.82802,25.6284,260
973,96,158,8.83501,24.6276,260
974,95,158,8.84142,23.3604,246
975,98,158,8.84768,21.51,181
976,99,157,8.8533,19.026,181
977,96,158,8.85835,17.0136,252
978,94,157,8.86279,14.7456,272
979,90,157,8.86654,12.744,290
980,111,158,8.86981,10.53,91
981,101,157,8.87219,7.8516,333
982,106,157,8.8745,8.6616,333
983,103,157,8.87718,9.9972,339
984,99,157,8.87994,9.7668,320
985,98,157,8.88263,9.5076,320
986,81,157,8.88524,9.252,308
987,101,157,8.88755,7.7148,204
988,105,158,8.88957,6.948,209
989,105,157,8.89164,8.1612,333
990,106,158,8.89408,9.144,335
991,106,158,8.89674,9.774,337
992,105,158,8.89948,10.0368,316
993,104,158,8.90226,10.0584,283
994,105,158,8.90502,10.0512,283
995,104,158,8.90781,10.2204,283
996,104,158,8.91073,10.4868,281
997,104,158,8.91371,10.7064,265
998,103,159,8.91662,10.8756,250
999,103,159,8.91979,11.1168,239
1000,104,159,8.92291,11.3544,229
1001,105,159,8.9261,11.5956,217
1002,106,160,8.92937,11.9052,214
1003,106,160,8.93263,12.2004,202
1004,99,160,8.93607,12.546,232
1005,103,160,8.93965,13.392,316
1006,104,160,8.94369,14.832,316
1007,105,160,8.9477,14.9724,203
1008,106,160,8.95199,15.0984,187
1009,107,160,8.95611,15.1596,187
1010,103,160,8.96041,15.246,185
1011,103,160,8.96458,15.7896,277
1012,104,160,8.96923,16.3728,205
1013,103,160,8.97374,16.506,184
1014,104,161,8.97823,16.4916,182
1015,104,160,8.98289,16.4628,182
1016,105,160,8.98753,16.4124,186
1017,105,160,8.99197,16.3908,185
1018,104,160,8.99662,16.326,185
1019,104,160,9.00103,16.1856,181
1020,104,159,9.00548,15.9012,170
1021,102,159,9.00998,15.5844,176
1022,102,159,9.0142,15.1848,170
1023,102,159,9.01831,14.7672,185
1024,102,159,9.02245,14.3316,191
1025,101,158,9.02627,13.86,200
1026,101,158,9.03006,13.1724,200
1027,100,158,9.03364,12.2616,200
1028,100,159,9.03683,11.2644,200
1029,103,159,9.03991,11.1708,276
1030,100,158,9.04306,10.8792,275
1031,98,158,9.046,10.17,240
1032,98,158,9.04865,9.7668,280
1033,103,158,9.05139,9.6552,280
1034,100,158,9.05402,8.7804,212
1035,99,158,9.05632,8.5068,273
1036,98,158,9.05879,8.7624,278
1037,96,158,9.0612,8.7588,238
1038,103,158,9.06361,8.352,230
1039,101,158,9.06584,8.0784,230
1040,101,158,9.06815,8.3016,247
1041,100,158,9.07051,8.6688,257
1042,99,158,9.07294,9.0108,257
1043,100,158,9.07547,9.3492,266
1044,100,159,9.07808,9.6804,266
1045,100,159,9.08086,10.0332,255
1046,101,158,9.08375,10.4616,258
1047,101,158,9.08665,10.926,240
1048,102,159,9.08981,11.358,240
1049,103,159,9.09299,11.79,224
1050,104,159,9.09631,12.3768,210
1051,105,159,9.09994,13.1004,210
1052,107,159,9.10363,13.7016,184
1053,97,159,9.10754,14.49,184
1054,104,159,9.11182,15.8832,246
1055,101,159,9.11634,17.1648,208
1056,103,159,9.1213,18.6984,266
1057,105,160,9.12674,20.268,229
1058,103,160,9.1326,21.438,169
1059,102,160,9.13878,22.6512,232
1060,105,160,9.14507,24.0156,232
1061,106,160,9.15193,25.38,232
1062,105,160,9.15918,26.2368,152
1063,89,160,9.16652,26.6976,73
1064,104,160,9.17398,27.2232,134
1065,104,160,9.18175,27.7344,140
1066,90,161,9.18952,29.0592,411
1067,94,160,9.19792,30.1788,308
1068,106,160,9.20625,30.7404,190
1069,106,160,9.21486,30.9492,176
1070,105,160,9.22343,31.104,176
1071,105,160,9.23227,31.176,144
1072,104,159,9.24066,31.1184,144
1073,104,159,9.24931,30.7332,133
1074,104,159,9.25787,30.4092,133
1075,103,159,9.26622,29.8764,133
1076,102,159,9.27436,28.8036,145
1077,102,159,9.28217,26.9172,145
1078,100,159,9.28931,24.354,213
1079,99,159,9.29577,21.708,243
1080,95,159,9.30128,19.1448,243
1081,98,159,9.30616,16.2612,207
1082,97,159,9.31034,12.9744,165
1083,92,158,9.31349,10.5516,249
1084,86,158,9.3162,8.6544,189
1085,99,158,9.31829,6.4836,96
1086,96,158,9.31986,5.868,267
1087,95,159,9.32166,7.4268,348
1088,98,159,9.32392,8.0208,252
1089,96,158,9.32599,7.2468,230
1090,97,158,9.32791,6.6024,230
1091,96,159,9.32988,7.272,290
1092,96,158,9.33196,7.722,298
1093,95,159,9.33416,8.1072,307
1094,96,159,9.33648,8.424,307
1095,96,158,9.33883,8.7228,308
1096,97,159,9.34132,8.982,309
1097,97,159,9.34381,9.0828,283
1098,97,159,9.34635,9.2268,282
1099,97,159,9.34902,9.5472,282
1100,97,160,9.35168,9.828,276
1101,99,160,9.35442,9.9972,264
1102,100,160,9.35721,10.242,267
1103,100,160,9.36009,10.3428,255
1104,101,160,9.36295,10.4364,240
1105,101,160,9.36583,10.5444,233
1106,101,160,9.36887,10.62,233
1107,102,160,9.3718,10.602,231
1108,96,160,9.37473,10.6236,221
1109,98,159,9.37769,11.124,346
1110,100,160,9.38104,12.1464,309
1111,99,160,9.3844,12.3228,252
1112,99,160,9.38784,12.0636,222
1113,99,160,9.3908,9.864,222
1114,99,160,9.39358,10.1484,230
1115,98,161,9.39642,10.2816,227
1116,98,161,9.39928,10.3644,228
1117,98,161,9.40216,10.4184,230
1118,98,161,9.40502,10.5408,255
1119,100,161,9.40795,10.7856,247
1120,98,161,9.411,10.6416,208
1121,98,160,9.41385,10.4112,247
1122,99,161,9.41679,10.5732,247
1123,98,161,9.41982,10.6524,247
1124,99,161,9.42271,10.4688,232
1125,97,160,9.42556,10.4256,243
1126,97,161,9.42846,10.1412,222
1127,97,161,9.43124,9.8856,227
1128,97,160,9.43401,9.7992,238
1129,97,160,9.43673,9.9,259
1130,97,160,9.43943,9.954,251
1131,96,161,9.44221,9.8496,247
1132,97,160,9.44499,9.7344,247
1133,96,160,9.4477,9.8892,262
1134,96,161,9.45036,9.882,252
1135,103,161,9.45311,9.8172,241
1136,104,160,9.45581,9.4968,203
1137,101,161,9.45846,9.3816,202
1138,101,161,9.46107,9.3456,210
1139,100,161,9.46367,9.5256,216
1140,102,161,9.46633,9.7992,216
1141,101,161,9.46907,10.0296,204
1142,102,162,9.47195,10.2204,202
1143,102,161,9.47479,10.4328,202
1144,102,161,9.47767,10.584,187
1145,102,161,9.48061,10.6632,184
1146,103,161,9.48365,10.7568,184
1147,104,161,9.48662,10.9116,189
1148,105,161,9.48973,11.0088,183
1149,101,161,9.49271,11.0916,186
1150,98,160,9.49585,11.628,260
1151,101,161,9.49923,12.3372,224
1152,102,160,9.50268,12.4668,214
1153,102,160,9.50614,12.4128,209
1154,102,161,9.50954,12.2148,195
1155,102,160,9.51295,11.8008,195
1156,101,160,9.51612,11.3292,195
1157,102,160,9.51918,11.0376,216
1158,101,160,9.52224,10.6812,222
1159,100,160,9.52516,10.0764,212
1160,99,160,9.52782,9.4536,220
1161,104,160,9.53033,8.1936,184
1162,103,160,9.53235,6.768,156
1163,101,160,9.53405,5.8536,205
1164,99,160,9.53573,6.1668,254
1165,99,160,9.53756,6.8868,254
1166,91,161,9.53952,7.3584,260
1167,96,160,9.54159,7.1964,237
1168,97,160,9.54361,7.56,285
1169,97,160,9.54582,8.0964,311
1170,97,160,9.54803,8.1612,305
1171,96,160,9.55028,8.0424,299
1172,96,160,9.55248,7.8156,292
1173,96,160,9.55469,7.7364,304
1174,96,160,9.55683,7.7544,309
1175,95,160,9.55898,7.7256,302
1176,94,161,9.56111,7.6176,299
1177,94,161,9.56324,7.7256,321
1178,94,161,9.56542,7.8984,319
1179,96,161,9.56763,7.9596,319
1180,96,161,9.56985,8.1648,333
1181,96,161,9.57213,8.2872,330
1182,96,162,9.57444,8.3736,331
1183,96,162,9.57677,8.4312,325
1184,95,162,9.57911,8.424,310
1185,94,163,9.58141,8.2584,301
1186,96,163,9.58373,8.226,307
1187,95,163,9.58605,8.316,310
1188,95,163,9.58832,8.4276,304
1189,96,163,9.59069,8.514,304
1190,96,164,9.59311,8.6796,307
1191,95,164,9.59555,8.802,303
1192,96,164,9.59793,8.8416,291
1193,97,164,9.60042,8.946,293
1194,96,164,9.60294,9.0972,291
1195,96,164,9.60546,9.1944,282
1196,97,164,9.60811,9.3312,276
1197,97,164,9.61072,9.4464,270
1198,97,164,9.61329,9.5868,270
1199,98,164,9.616,9.6192,254
1200,97,164,9.61867,9.7272,250
1201,98,164,9.62137,9.7632,232
1202,99,164,9.62413,9.9792,239
1203,99,165,9.62698,10.2492,235
1204,98,164,9.62985,10.3104,207
1205,99,164,9.63265,10.4256,207
1206,100,164,9.63566,10.6956,207
1207,101,164,9.63876,11.8476,207
1208,101,163,9.64219,12.708,190
1209,102,164,9.64572,13.2732,179
1210,102,163,9.64952,13.878,177
1211,103,163,9.65351,14.4576,159
1212,105,164,9.6575,14.9904,159
1213,100,163,9.6618,15.5952,149
1214,97,164,9.66629,16.2684,149
1215,101,164,9.6708,17.1216,192
1216,103,163,9.6757,17.9784,146
1217,105,163,9.68088,18.666,141
1218,106,163,9.68608,19.296,134
1219,94,163,9.69152,19.944,134
1220,101,163,9.69715,20.6676,176
1221,103,163,9.70314,21.5784,146
1222,104,163,9.70919,22.2696,146
1223,101,162,9.71541,22.77,119
1224,96,163,9.72178,22.8672,59
1225,72,162,9.7281,22.752,14
1226,91,162,9.73442,22.9932,80
1227,102,162,9.74115,24.7644,320
1228,103,162,9.74814,26.0028,237
1229,100,162,9.75549,26.946,197
1230,99,162,9.76324,27.7164,273
1231,100,161,9.77103,28.6848,273
1232,102,161,9.77895,29.1204,199
1233,103,162,9.78711,29.2932,177
1234,103,161,9.79533,29.2248,163
1235,103,162,9.80347,28.9008,162
1236,103,161,9.81137,28.404,180
1237,103,161,9.81921,27.6372,176
1238,102,161,9.8266,26.9856,196
1239,102,161,9.83416,26.3448,170
1240,101,161,9.84132,25.83,209
1241,101,161,9.84838,25.488,207
1242,101,161,9.85547,25.2108,220
1243,100,161,9.86241,25.0092,219
1244,100,161,9.86929,24.8184,215
1245,101,162,9.87619,24.6276,215
1246,101,162,9.88311,24.4656,218
1247,100,161,9.88981,24.3144,216
1248,100,161,9.89672,24.174,218
1249,100,162,9.90328,24.0372,215
1250,102,161,9.91006,23.9652,261
1251,101,161,9.91678,24.1056,261
1252,101,162,9.92337,24.0984,221
1253,101,162,9.93002,23.9724,233
1254,102,161,9.93666,23.9184,246
1255,102,162,9.9434,23.9148,246
1256,102,162,9.94989,23.7276,219
1257,102,161,9.9566,23.634,237
1258,103,162,9.9632,23.5476,240
1259,102,162,9.96948,23.4396,238
1260,102,162,9.97608,23.2668,232
1261,102,161,9.98245,23.0148,217
1262,101,162,9.98878,22.7448,226
1263,101,162,9.99511,22.5216,236
1264,101,162,10.0014,22.3236,236
1265,101,162,10.0074,22.0824,233
1266,101,162,10.0136,21.888,245
1267,101,162,10.0198,21.6828,253
1268,100,162,10.0256,21.4128,247
1269,100,162,10.0316,21.096,252
1270,100,162,10.0373,20.7432,254
1271,99,163,10.0432,20.3112,254
1272,108,163,10.0485,18.8748,143
1273,107,162,10.0536,17.2008,143
1274,104,162,10.058,15.4368,143
1275,103,163,10.0621,14.472,235
1276,102,163,10.0661,13.4208,235
1277,100,163,10.0697,12.3228,232
1278,99,163,10.073,11.7,282
1279,98,162,10.0761,11.2572,284
1280,100,163,10.0792,10.584,269
1281,97,162,10.0818,8.0388,81
1282,98,162,10.0837,6.8832,386
1283,97,163,10.086,8.9568,307
1284,100,162,10.0885,9.054,307
1285,99,162,10.0909,8.0424,235
1286,99,163,10.0931,8.4852,317
1287,99,162,10.0956,8.838,333
1288,99,162,10.0981,9.054,336
1289,98,163,10.1005,8.9676,323
1290,98,162,10.1031,9.1152,343
1291,98,163,10.1057,9.4284,359
1292,98,163,10.1083,9.6624,356
1293,98,163,10.111,9.8424,354
1294,98,164,10.1138,10.0656,362
1295,98,164,10.1167,10.386,360
1296,100,164,10.1196,10.7208,360
1297,100,164,10.1226,11.088,353
1298,102,165,10.1258,11.4624,353
1299,102,165,10.129,11.8152,343
1300,103,165,10.1323,12.258,340
1301,107,166,10.1358,12.8556,346
1302,108,166,10.1394,13.5828,353
1303,109,167,10.1434,14.3712,318
1304,109,168,10.1474,14.8212,287
1305,109,169,10.1516,15.1704,257
1306,109,169,10.1558,15.498,227
1307,109,168,10.1602,15.8076,227
1308,109,168,10.1646,16.2216,227
1309,115,167,10.1692,16.3908,189
1310,98,167,10.1737,16.506,172
1311,105,167,10.1785,17.5248,299
1312,107,167,10.1835,18.1044,215
1313,108,166,10.1885,18.4932,192
1314,104,166,10.1937,18.8064,170
1315,102,166,10.1989,19.224,238
1316,103,166,10.2045,20.1096,238
1317,103,166,10.2102,20.9376,238
1318,105,166,10.2159,21.3552,182
1319,105,166,10.2219,21.7188,171
1320,106,166,10.2281,22.014,151
1321,106,166,10.2343,22.428,170
1322,65,166,10.2406,22.482,112
1323,65,166,10.2467,22.572,112
1324,65,165,10.2527,20.4264,0
1325,65,165,10.2579,17.3808,0
1326,0,165,10.2623,14.4252,0
1327,0,164,10.266,11.5128,0
1328,0,164,10.2688,8.7228,0
1329,0,163,10.2708,5.9508,0
1330,0,163,10.2721,3.2832,0
1331,0,162,10.2726,0.6228,0
1332,0,161,10.2726,0,0
1333,0,161,10.2726,0,0
1334,0,161,10.2726,0,0
1335,0,134,10.2726,0.036,81
1336,0,133,10.2732,3.9204,182
1337,0,133,10.2749,8.316,182
1338,6,134,10.2778,11.3904,205
1339,79,134,10.2812,13.5936,176
1340,79,134,10.2853,15.1704,145
1341,82,135,10.2896,16.3476,115
1342,85,135,10.2943,17.1792,107
1343,87,136,10.2992,17.9064,107
1344,88,135,10.3042,18.6012,109
1345,90,135,10.3096,19.2888,90
1346,90,136,10.315,19.8072,90
1347,92,136,10.3205,20.3508,96
1348,92,136,10.3263,20.9304,98
1349,93,136,10.3321,21.4344,83
1350,93,135,10.3381,21.906,86
1351,93,135,10.3443,22.3668,71
1352,93,134,10.3506,22.77,70
1353,94,134,10.3571,23.184,69
1354,93,133,10.3634,23.6124,68
1355,94,133,10.3701,24.0984,68
1356,94,133,10.377,24.6564,70
1357,94,133,10.3839,25.2936,70
1358,95,133,10.3909,26.0136,70
1359,96,132,10.3984,26.8776,65
1360,96,132,10.4058,27.8496,63
1361,96,132,10.4138,29.0556,63
1362,96,131,10.422,30.4812,68
1363,96,132,10.4308,32.2164,63
1364,96,132,10.44,34.1928,63
1365,95,132,10.4498,36.396,62
1366,95,131,10.4602,38.7864,62
1367,95,131,10.4714,41.4612,62
1368,93,131,10.4832,44.5428,47
1369,94,131,10.4965,48.1644,54
1370,93,131,10.5101,51.8112,54
1371,92,130,10.5251,55.5048,60
1372,92,130,10.5413,58.9428,60
1373,93,131,10.5576,61.5204,81
1374,93,132,10.5753,62.6292,72
1375,96,132,10.5922,61.8336,91
1376,96,132,10.6091,60.0948,91
1377,73,132,10.6257,58.0644,52
1378,72,132,10.6419,56.4084,103
1379,78,132,10.6571,55.6308,103
1380,81,131,10.6729,56.0196,227
1381,84,131,10.6882,57.1284,184
1382,87,131,10.7047,58.59,186
1383,91,130,10.7208,60.0588,157
1384,92,130,10.7379,61.6068,160
1385,95,130,10.7555,63.1188,136
1386,96,129,10.7732,64.5048,116
1387,96,129,10.7909,65.718,88
1388,96,129,10.8098,66.7512,88
1389,96,129,10.8284,67.194,95
1390,96,129,10.8471,66.384,96
1391,96,128,10.8647,64.7604,90
1392,96,128,10.8829,62.6976,98
1393,96,128,10.8998,60.66,114
1394,96,129,10.9161,58.7736,146
1395,96,128,10.9327,56.9844,138
1396,96,128,10.9482,55.5516,152
1397,96,128,10.9631,54.666,152
1398,95,129,10.9784,54.1332,122
1399,95,129,10.9933,53.5824,122
1400,96,129,11.0081,53.1648,122
1401,97,128,11.0227,53.082,124
1402,96,128,11.0377,53.4564,122
1403,97,128,11.0524,54.2628,122
1404,99,128,11.0676,55.2456,131
1405,100,128,11.0835,56.2284,152
1406,102,128,11.0992,57.1032,113
1407,102,129,11.1151,57.9024,103
1408,102,128,11.1312,58.716,106
1409,103,128,11.1477,59.6196,106
1410,102,128,11.1645,60.5376,74
1411,103,128,11.1814,61.272,106
1412,102,129,11.1982,61.9236,106
1413,102,128,11.2155,62.4348,95
1414,102,128,11.2332,62.8452,93
1415,101,128,11.2506,63.1584,93
1416,102,127,11.2681,63.4032,94
1417,102,127,11.2858,63.5796,94
1418,103,127,11.3033,63.6876,94
1419,102,128,11.3212,63.72,94
1420,103,128,11.3389,63.612,94
1421,103,128,11.3566,63.09,106
1422,104,128,11.3739,61.3152,103
1423,97,128,11.3908,59.0724,268
1424,96,129,11.4067,57.5352,225
1425,97,128,11.4226,55.9296,278
1426,97,128,11.438,54.666,221
1427,97,128,11.453,53.3484,221
1428,97,128,11.4676,52.128,239
1429,97,129,11.482,50.9292,239
1430,97,130,11.4959,49.6404,203
1431,96,130,11.5096,48.2508,201
1432,96,130,11.5224,47.0628,208
1433,95,130,11.5355,46.0008,182
1434,95,130,11.5482,45.6912,213
1435,96,130,11.5609,46.1016,204
1436,96,130,11.5738,48.0888,232
1437,98,130,11.5879,51.4584,212
1438,99,131,11.6029,54.7164,171
1439,101,131,11.6184,57.0888,169
1440,102,131,11.634,58.2696,154
1441,102,131,11.6505,58.4964,154
1442,102,132,11.6667,58.2624,127
1443,102,132,11.6827,57.8484,111
1444,101,132,11.6988,57.456,131
1445,101,132,11.7147,57.3012,139
1446,101,132,11.7305,57.5676,139
1447,100,133,11.7471,58.878,131
1448,101,133,11.7637,61.4664,137
1449,101,134,11.7812,64.6272,128
1450,102,134,11.799,66.8952,131
1451,102,135,11.8178,67.6728,131
1452,103,134,11.8365,67.0788,131
1453,103,134,11.8553,65.052,123
1454,103,134,11.8728,62.8704,124
1455,102,134,11.89,60.6708,107
1456,100,133,11.9069,58.4136,156
1457,100,134,11.9227,56.466,198
1458,98,134,11.9383,55.3428,178
1459,99,134,11.9532,54.9144,218
1460,99,135,11.9686,54.8964,218
1461,100,135,11.9838,55.134,217
1462,101,135,11.9994,55.7568,217
1463,101,135,12.0146,56.5344,182
1464,102,136,12.0305,57.312,172
1465,103,136,12.047,58.0572,194
1466,103,136,12.0628,58.644,146
1467,103,137,12.0796,59.1948,152
1468,104,137,12.0957,59.706,144
1469,103,137,12.1127,60.2748,132
1470,104,137,12.1295,60.7824,141
1471,105,138,12.1466,61.2792,132
1472,104,139,12.1636,61.8048,157
1473,105,138,12.1806,62.3232,139
1474,105,139,12.1981,62.1396,139
1475,105,139,12.2151,61.6968,136
1476,104,139,12.2323,61.2612,124
1477,105,140,12.2489,60.804,134
1478,103,140,12.2657,60.2496,134
1479,103,140,12.2828,59.4,144
1480,102,140,12.2986,58.3128,143
1481,102,140,12.3151,56.9232,162
1482,102,139,12.3303,54.684,191
1483,101,140,12.3451,52.236,194
1484,99,140,12.3596,49.7448,194
1485,96,140,12.3727,48.6504,256
1486,99,140,12.3862,48.1788,167
1487,102,141,12.3999,47.9556,205
1488,103,141,12.4132,47.502,211
1489,104,141,12.4259,46.8504,193
1490,103,141,12.4393,46.0836,158
1491,103,141,12.4515,45.3528,149
1492,102,141,12.4642,44.586,127
1493,101,141,12.4766,43.7904,127
1494,101,141,12.4886,43.092,149
1495,100,141,12.5003,42.4584,149
1496,101,141,12.5119,41.9256,178
1497,100,141,12.5238,41.4324,168
1498,100,142,12.5351,40.9824,171
1499,100,142,12.5464,40.5288,169
1500,100,142,12.5576,39.9924,156
1501,100,142,12.5688,39.402,175
1502,99,142,12.5796,38.8476,164
1503,98,143,12.5903,38.376,180
1504,99,143,12.601,38.1564,168
1505,98,143,12.6117,37.9944,180
1506,99,143,12.6219,37.7208,200
1507,99,143,12.6322,37.3356,200
1508,99,143,12.6428,37.0368,203
1509,99,144,12.653,36.8388,171
1510,99,144,12.6634,36.6444,180
1511,99,144,12.6736,36.5292,226
1512,100,144,12.6836,36.5544,190
1513,99,144,12.6937,36.486,186
1514,99,144,12.7038,36.4932,194
1515,99,143,12.714,36.6048,178
1516,99,144,12.7243,36.7524,186
1517,100,144,12.7346,37.0296,186
1518,100,144,12.7448,37.4256,193
1519,101,145,12.755,37.872,181
1520,101,146,12.7657,38.358,173
1521,101,145,12.7765,38.016,173
1522,102,145,12.7872,38.5308,173
1523,101,145,12.7979,39.0024,155
1524,101,145,12.8088,39.4524,143
1525,101,145,12.8196,39.8484,159
1526,101,145,12.8307,40.2984,159
1527,101,145,12.8421,40.7628,159
1528,101,145,12.8536,41.2632,165
1529,102,145,12.8649,41.8104,163
1530,101,145,12.8766,42.1524,166
1531,102,145,12.8887,42.534,177
1532,102,145,12.9004,42.7752,171
1533,102,145,12.9123,42.0912,162
1534,102,144,12.9239,42.1776,171
1535,102,145,12.9357,42.174,168
1536,102,144,12.9471,41.994,173
1537,102,144,12.9589,41.3352,185
1538,101,145,12.9702,39.8556,179
1539,101,144,12.9807,37.5624,194
1540,100,145,12.9909,35.352,194
1541,102,145,13.0008,34.0524,194
1542,104,145,13.0099,32.9508,142
1543,102,144,13.0187,31.9968,187
1544,101,144,13.0278,31.3884,224
1545,102,145,13.0363,31.0176,219
1546,102,145,13.0448,30.7152,214
1547,101,145,13.0535,30.5028,203
1548,101,145,13.0619,30.33,182
1549,101,145,13.0704,30.1896,182
1550,100,146,13.0787,30.258,182
1551,101,146,13.0869,30.4488,170
1552,100,145,13.0954,30.3912,179
1553,100,146,13.104,30.3336,178
1554,101,146,13.1126,30.2256,178
1555,99,145,13.1207,30.1392,176
1556,100,145,13.129,30.0456,175
1557,99,146,13.1375,29.9736,170
1558,99,146,13.1459,29.9304,173
1559,99,146,13.1542,30.0024,173
1560,99,146,13.1624,30.186,180
1561,99,146,13.1709,30.4416,175
1562,100,147,13.1795,31.3812,171
1563,100,147,13.1883,31.8168,171
1564,100,147,13.1972,32.2452,155
1565,101,147,13.206,32.6952,144
1566,102,148,13.2153,33.264,160
1567,102,148,13.2245,33.894,147
1568,103,148,13.2342,34.5096,157
1569,104,148,13.2439,35.0208,150
1570,105,148,13.2536,35.2692,163
1571,105,148,13.2633,35.028,145
1572,98,148,13.2729,34.0344,241
1573,98,148,13.2823,33.2892,241
1574,98,149,13.2915,32.9652,232
1575,97,148,13.3007,33.0552,245
1576,97,149,13.3097,33.2928,236
1577,98,148,13.319,33.5412,225
1578,98,149,13.3284,33.7644,194
1579,99,149,13.338,33.8508,193
1580,100,148,13.3472,33.984,238
1581,101,148,13.3567,34.2324,214
1582,101,148,13.3663,34.3152,205
1583,102,149,13.376,34.2324,205
1584,101,148,13.3853,33.9516,183
1585,101,149,13.3947,33.6204,198
1586,100,149,13.404,33.3144,198
1587,100,148,13.4132,33.3324,210
1588,100,148,13.4227,34.1784,215
1589,100,149,13.4321,35.4996,207
1590,100,149,13.4423,35.3556,224
1591,101,149,13.4517,34.8624,193
1592,100,149,13.4613,34.074,193
1593,99,150,13.4707,33.2604,184
1594,98,150,13.4799,32.5584,198
1595,97,150,13.489,31.9644,198
1596,97,150,13.4977,31.518,204
1597,98,150,13.5065,31.1652,211
1598,102,151,13.5149,30.8052,147
1599,101,151,13.5236,30.528,151
1600,102,150,13.5322,30.6108,201
1601,101,150,13.5404,30.9492,152
1602,101,151,13.5491,31.2588,160
1603,101,151,13.5581,31.698,149
1604,102,150,13.5669,32.1552,159
1605,103,151,13.5759,32.6664,150
1606,103,151,13.585,33.1416,150
1607,103,150,13.5944,33.6204,154
1608,105,150,13.6036,34.0056,144
1609,104,150,13.613,34.2576,144
1610,104,149,13.6227,34.4016,133
1611,105,150,13.6321,34.5636,145
1612,105,149,13.642,35.118,141
1613,105,150,13.652,36.2232,132
1614,105,149,13.662,37.9044,139
1615,107,149,13.6729,40.0788,150
1616,105,149,13.6845,42.1884,150
1617,103,149,13.6962,43.686,150
1618,103,149,13.7087,44.6004,179
1619,105,149,13.7213,44.8812,145
1620,105,149,13.7337,44.8704,151
1621,105,148,13.7461,44.9208,151
1622,105,148,13.7587,44.9028,139
1623,104,148,13.7709,44.784,139
1624,105,148,13.7833,44.5896,139
1625,104,148,13.7961,44.3412,172
1626,104,148,13.8078,43.6464,172
1627,104,148,13.8199,41.6844,164
1628,103,148,13.8312,39.474,175
1629,101,148,13.8419,38.0628,193
1630,100,149,13.8524,37.7352,264
1631,99,148,13.863,37.8252,246
1632,101,148,13.8732,37.8108,271
1633,102,148,13.884,37.8648,252
1634,103,149,13.8945,37.9044,223
1635,103,149,13.9048,37.8972,187
1636,102,149,13.9153,37.836,187
1637,103,149,13.9258,37.9296,180
1638,103,149,13.9366,38.5704,221
1639,103,149,13.9475,39.6576,221
1640,104,149,13.9585,40.4604,148
1641,105,149,13.9697,40.7268,157
1642,104,149,13.9812,40.5468,155
1643,104,149,13.9924,40.1904,148
1644,103,150,14.0037,39.744,158
1645,103,150,14.0146,39.3516,158
1646,103,149,14.0252,39.078,161
1647,102,149,14.0362,39.0276,169
1648,103,149,14.047,39.222,178
1649,102,149,14.0582,39.5424,174
1650,103,149,14.0689,39.8124,167
1651,103,149,14.0801,39.7584,163
1652,103,149,14.0912,39.5352,164
1653,103,149,14.102,39.0456,185
1654,103,149,14.1127,38.2968,167
1655,102,149,14.1233,37.3608,177
1656,101,149,14.1335,36.5472,185
1657,100,149,14.1437,35.748,203
1658,101,149,14.1534,34.9848,215
1659,100,149,14.1629,34.3368,215
1660,99,148,14.1725,33.93,221
1661,100,149,14.1818,34.038,225
1662,100,149,14.1915,34.7868,256
1663,102,149,14.2012,35.9352,261
1664,103,149,14.2113,37.0296,194
1665,103,149,14.2216,37.5768,164
1666,105,149,14.2321,37.9584,234
1667,105,150,14.243,38.3616,165
1668,105,149,14.2536,38.4264,159
1669,105,150,14.2644,38.4228,159
1670,104,150,14.2748,38.3832,156
1671,104,149,14.2855,38.3508,175
1672,104,150,14.2963,38.2212,160
1673,103,150,14.3068,38.0268,161
1674,102,149,14.3174,37.8072,163
1675,103,149,14.3279,37.584,163
1676,103,149,14.3382,37.2672,184
1677,102,149,14.3487,37.1628,188
1678,102,149,14.3589,37.0656,188
1679,101,149,14.369,36.9324,179
1680,102,149,14.3792,36.9108,207
1681,102,149,14.3896,36.8676,168
1682,101,149,14.4,36.9828,187
1683,102,149,14.4095,33.4728,200
1684,102,148,14.419,33.5484,203
1685,102,149,14.4283,33.624,202
1686,102,148,14.4377,33.6456,213
1687,102,149,14.4472,33.5232,210
1688,102,149,14.4561,33.3036,203
1689,102,149,14.4655,33.012,204
1690,101,149,14.4747,32.706,213
1691,101,149,14.4837,32.4036,219
1692,101,149,14.4926,32.022,219
1693,101,149,14.5014,31.5792,222
1694,101,149,14.5101,31.122,231
1695,101,149,14.5188,30.6648,241
1696,101,150,14.5272,30.2616,247
1697,100,149,14.5355,29.8764,245
1698,100,149,14.5439,29.4696,241
1699,100,150,14.5519,29.1204,273
1700,101,150,14.5599,28.8936,265
1701,100,150,14.5679,28.62,253
1702,100,150,14.5758,28.2924,253
1703,101,150,14.5836,28.1016,275
1704,101,150,14.5915,27.9396,270
1705,100,151,14.5992,27.5076,247
1706,100,151,14.6067,26.7588,250
1707,99,152,14.6141,26.0964,280
1708,98,151,14.6211,25.7436,247
1709,96,152,14.6284,25.7076,254
1710,102,152,14.6355,25.9164,123
1711,103,152,14.6427,25.4736,123
1712,102,151,14.6498,25.4988,189
1713,102,151,14.657,25.704,196
1714,102,152,14.664,25.8588,194
1715,102,152,14.6713,25.8948,170
1716,101,152,14.6783,25.9596,179
1717,102,152,14.6857,26.0064,169
1718,101,152,14.6929,26.0172,168
1719,102,152,14.7001,26.046,186
1720,101,152,14.7073,26.1324,195
1721,101,153,14.7147,26.226,168
1722,101,154,14.7218,26.1864,174
1723,101,153,14.7291,26.19,179
1724,101,153,14.7364,26.2188,177
1725,101,154,14.7438,26.2512,177
1726,101,154,14.751,26.2764,176
1727,100,153,14.7582,26.298,174
1728,100,153,14.7656,26.3124,171
1729,101,153,14.7729,26.3376,183
1730,101,153,14.7802,26.4096,180
1731,102,153,14.7876,26.4672,180
1732,102,154,14.795,26.5212,175
1733,100,153,14.8025,26.5464,163
1734,101,153,14.8096,26.514,170
1735,100,153,14.817,26.5212,170
1736,101,152,14.8246,26.5356,171
1737,101,153,14.8318,26.514,163
1738,100,153,14.8392,26.496,168
1739,101,152,14.8466,26.4996,169
1740,100,153,14.8539,26.4744,164
1741,100,152,14.8612,26.4528,167
1742,100,151,14.8685,26.4384,164
1743,99,152,14.8758,26.4024,167
1744,100,151,14.8832,26.3844,167
1745,100,151,14.8906,26.3628,168
1746,100,151,14.8979,26.3412,168
1747,101,151,14.9052,26.3412,178
1748,100,150,14.9127,26.2836,162
1749,100,151,14.9198,26.2332,168
1750,100,150,14.9271,26.2476,185
1751,100,150,14.9344,26.3376,192
1752,101,150,14.9418,26.4204,177
1753,101,150,14.949,26.4312,174
1754,100,150,14.9564,26.4276,170
1755,100,150,14.9638,26.406,172
1756,101,151,14.9711,26.406,181
1757,101,151,14.9784,26.4348,172
1758,100,151,14.9859,26.406,172
1759,101,151,14.9931,26.3808,175
1760,100,151,15.0004,26.3448,173
1761,101,151,15.0078,26.3232,191
1762,101,151,15.015,26.3412,180
1763,101,151,15.0225,26.2908,179
1764,101,152,15.0298,26.208,176
1765,100,152,15.0368,26.0964,179
1766,100,152,15.0441,25.9596,183
1767,100,152,15.0514,25.7976,185
1768,100,152,15.0586,25.5924,185
1769,100,152,15.0656,25.3152,190
1770,100,152,15.0725,24.93,190
1771,100,152,15.0795,24.4404,206
1772,100,152,15.0861,23.9184,213
1773,100,152,15.0926,23.3388,228
1774,99,152,15.0991,22.626,221
1775,99,153,15.1053,21.8592,250
1776,99,152,15.1113,21.366,277
1777,100,152,15.1172,21.222,277
1778,99,153,15.1232,21.2724,273
1779,98,152,15.129,21.3624,268
1780,106,153,15.1348,20.898,122
1781,106,153,15.1406,20.0628,138
1782,104,153,15.146,19.5336,163
1783,102,153,15.1515,19.0908,154
1784,102,153,15.1566,18.8244,179
1785,102,153,15.162,18.774,201
1786,101,153,15.1672,18.8856,180
1787,100,153,15.1723,19.062,179
1788,102,152,15.1777,19.368,186
1789,101,153,15.1832,20.1096,192
1790,103,153,15.1889,20.5056,177
1791,103,153,15.1946,20.3616,177
1792,103,153,15.2001,20.4768,169
1793,103,153,15.2058,20.5128,174
1794,104,153,15.2116,20.4372,167
1795,103,153,15.2171,20.1672,163
1796,102,153,15.2227,19.6416,161
1797,100,153,15.2281,18.7884,175
1798,101,153,15.2331,17.7336,165
1799,99,153,15.2379,16.3404,197
1800,99,152,15.2422,15.1236,250
1801,98,152,15.2463,14.328,250
1802,97,152,15.2501,13.2696,224
1803,97,152,15.2537,12.6864,278
1804,97,153,15.2572,12.4956,310
1805,96,153,15.2607,12.528,313
1806,96,153,15.2641,12.4884,303
1807,97,153,15.2676,12.7404,334
1808,96,153,15.2713,12.9744,335
1809,98,154,15.2748,13.0788,332
1810,97,154,15.2785,13.194,332
1811,97,154,15.2822,13.3884,331
1812,97,154,15.2859,13.6404,330
1813,97,155,15.2898,13.8744,315
1814,97,155,15.2936,14.0544,306
1815,97,156,15.2976,14.3424,307
1816,98,156,15.3016,14.8068,318
1817,98,156,15.3059,15.4584,318
1818,98,156,15.3102,16.0704,261
1819,100,157,15.3149,16.7328,309
1820,101,157,15.3195,17.7264,309
1821,100,156,15.3246,18.5076,223
1822,101,157,15.3299,19.6128,216
1823,101,157,15.3357,20.9556,172
1824,102,157,15.3415,22.0644,172
1825,103,158,15.3479,23.1516,172
1826,103,157,15.3545,24.0696,172
1827,105,156,15.3612,24.6888,136
1828,105,156,15.3681,25.254,136
1829,105,156,15.3753,25.614,94
1830,105,157,15.3824,25.938,101
1831,104,155,15.3897,26.1936,78
1832,102,155,15.3969,26.2944,49
1833,105,155,15.4044,26.5176,153
1834,105,155,15.4118,27.0756,130
1835,98,155,15.4194,28.0692,289
1836,101,154,15.4273,29.25,232
1837,103,154,15.4354,30.1896,245
1838,101,154,15.4441,31.158,307
1839,101,154,15.4527,32.346,307
1840,102,154,15.4622,33.5376,307
1841,102,154,15.4715,34.2216,167
1842,102,154,15.4812,34.8984,150
1843,102,154,15.4909,35.6472,150
1844,102,155,15.5009,36.5184,155
1845,102,154,15.5111,37.3968,144
1846,102,154,15.5215,38.07,144
1847,103,155,15.5322,38.4012,163
1848,103,155,15.543,38.2284,163
1849,104,155,15.5534,37.4796,163
1850,103,155,15.5639,36.54,136
1851,102,155,15.5737,35.8956,164
1852,101,155,15.5837,35.8632,164
1853,101,155,15.5937,36.4428,205
1854,101,156,15.6043,37.3788,193
1855,102,156,15.6147,38.4372,191
1856,103,155,15.6255,39.5784,191
1857,103,156,15.6366,40.6944,148
1858,103,156,15.648,41.6916,143
1859,104,156,15.6595,42.6636,142
1860,104,156,15.6717,43.6464,143
1861,105,156,15.684,44.5788,143
1862,105,156,15.6967,45.4788,143
1863,104,155,15.7092,42.8652,134
1864,104,155,15.7212,43.758,126
1865,103,155,15.7336,44.6868,145
1866,104,155,15.7458,45.2016,143
1867,103,155,15.7584,44.9748,144
1868,104,155,15.771,44.0352,144
1869,103,155,15.783,42.48,148
1870,103,154,15.7945,40.4064,192
1871,102,154,15.8053,38.1924,270
1872,104,154,15.8158,36.1512,270
1873,104,154,15.8254,34.2432,270
1874,105,154,15.8348,32.9616,421
1875,105,154,15.8439,31.9212,385
1876,105,154,15.8525,30.9348,385
1877,104,154,15.8609,30.2976,412
1878,105,154,15.8692,29.7864,401
1879,106,155,15.8775,29.5812,418
1880,106,155,15.8857,29.844,395
1881,107,155,15.8943,30.3372,411
1882,109,156,15.9027,31.1256,411
1883,109,157,15.9115,32.0076,261
1884,107,157,15.9205,32.3748,183
1885,106,157,15.9293,32.544,183
1886,105,158,15.9385,32.8536,171
1887,105,158,15.9478,33.192,154
1888,105,158,15.9571,33.3936,154
1889,105,159,15.9663,33.5484,181
1890,104,159,15.9755,33.57,172
1891,104,159,15.985,33.5052,168
1892,104,159,15.9941,33.5088,188
1893,104,159,16.0034,33.6276,194
1894,104,159,16.0127,33.8724,194
1895,103,158,16.0222,34.236,194
1896,103,159,16.0319,34.6572,182
1897,104,158,16.0417,35.1,174
1898,104,159,16.0513,35.5212,167
1899,105,159,16.0612,36.0144,205
1900,105,158,16.0714,36.5868,175
1901,105,158,16.0817,37.1088,171
1902,106,159,16.0919,37.6596,180
1903,105,158,16.1028,38.2932,162
1904,105,159,16.1135,38.9772,157
1905,105,159,16.1242,39.7476,161
1906,106,158,16.1354,40.6152,161
1907,106,158,16.1467,41.4504,144
1908,105,158,16.1584,42.1704,139
1909,106,158,16.1702,42.7068,139
1910,106,158,16.1823,43.0488,144
1911,104,157,16.1941,43.2036,140
1912,98,157,16.2062,43.4736,310
1913,100,157,16.2184,44.172,252
1914,102,157,16.2307,44.6652,296
1915,102,157,16.2432,45.2772,296
1916,103,157,16.256,45.702,216
1917,103,157,16.2685,45.9576,191
1918,103,157,16.2811,46.1052,191
1919,104,156,16.2941,46.242,201
1920,103,157,16.3071,46.2996,191
1921,104,157,16.3199,46.2852,222
1922,104,157,16.3326,46.1268,235
1923,104,157,16.3456,45.3276,204
1924,103,158,16.3577,44.4168,200
1925,102,158,16.3699,43.3512,188
1926,101,157,16.3821,42.2892,220
1927,100,158,16.3936,41.382,220
1928,99,157,16.4049,40.572,207
1929,102,158,16.4161,39.9132,207
1930,106,157,16.4273,39.4596,207
1931,105,157,16.4379,39.1788,169
1932,104,157,16.4488,39.0888,170
1933,104,158,16.4597,39.258,167
1934,103,158,16.471,39.6072,170
1935,103,158,16.4818,40.0464,164
1936,103,158,16.493,40.572,179
1937,103,158,16.5043,41.1876,155
1938,103,159,16.5159,41.7528,155
1939,103,158,16.5274,42.336,155
1940,103,158,16.5396,42.948,171
1941,103,158,16.5514,43.6104,154
1942,105,158,16.5638,44.226,154
1943,104,158,16.5762,44.8416,154
1944,104,157,16.5884,45.522,145
1945,105,157,16.6014,46.3572,161
1946,106,158,16.6144,47.2716,147
1947,105,158,16.6272,46.5804,136
1948,105,157,16.6408,47.2104,136
1949,105,157,16.6537,47.7468,186
1950,106,157,16.6672,48.1716,135
1951,106,157,16.6802,48.5532,135
1952,106,157,16.6939,48.1788,150
1953,106,156,16.7075,48.7008,142
1954,100,157,16.7212,49.374,178
1955,102,156,16.7347,50.5656,472
1956,104,156,16.749,51.7968,323
1957,105,156,16.7634,52.542,272
1958,107,155,16.7783,53.1468,272
1959,107,156,16.7934,53.5032,188
1960,107,155,16.808,53.37,188
1961,108,155,16.8225,52.8624,202
1962,107,155,16.8373,52.1316,199
1963,106,155,16.8517,51.6456,184
1964,105,155,16.8663,51.7968,162
1965,105,156,16.8803,52.3512,172
1966,104,156,16.8951,52.794,176
1967,104,156,16.9102,52.866,190
1968,105,155,16.9247,52.6896,183
1969,105,155,16.9394,52.3404,181
1970,104,155,16.9537,51.9984,184
1971,104,155,16.9678,51.6528,234
1972,105,155,16.9826,51.318,234
1973,105,155,16.9966,50.7204,211
1974,104,154,17.0105,49.4568,201
1975,104,155,17.0236,47.3004,201
1976,103,155,17.0365,44.712,224
1977,102,154,17.0485,42.6636,266
1978,100,155,17.0604,40.8636,272
1979,112,155,17.0714,39.2616,142
1980,104,155,17.0822,37.2204,291
1981,105,154,17.0922,35.892,291
1982,106,155,17.102,34.9344,386
1983,107,155,17.1115,33.9228,387
1984,107,155,17.1208,32.9796,387
1985,107,155,17.1298,32.1804,383
1986,107,155,17.1388,31.5396,371
1987,107,155,17.1473,31.158,392
1988,108,156,17.156,31.176,413
1989,108,156,17.1646,31.4424,396
1990,109,157,17.1737,31.6476,363
1991,109,157,17.1823,31.68,375
1992,110,158,17.191,31.4064,335
1993,110,158,17.1997,30.6288,335
1994,109,158,17.2082,29.4948,336
1995,109,159,17.2162,28.1772,326
1996,107,160,17.2237,26.8596,330
1997,105,160,17.2309,25.7076,363
1998,105,161,17.238,24.804,417
1999,106,161,17.2448,24.2892,426
2000,113,161,17.2514,23.8932,426
2001,109,161,17.258,23.4144,321
2002,109,161,17.2645,22.716,362
2003,109,162,17.2707,22.5072,362
2004,108,162,17.277,22.5468,330
2005,108,162,17.2832,22.5684,330
2006,107,163,17.2896,22.7556,308
2007,108,163,17.2958,22.95,325
2008,108,163,17.3022,23.346,325
2009,107,163,17.3089,23.4792,269
2010,107,164,17.3154,23.4828,257
2011,106,164,17.3219,23.3064,231
2012,107,164,17.3284,22.9716,266
2013,105,164,17.3345,22.9608,245
2014,106,164,17.341,22.8888,245
2015,104,164,17.3475,22.86,226
2016,104,164,17.3537,22.7664,235
2017,104,163,17.3601,22.6944,235
2018,103,164,17.3662,22.5072,231
2019,104,164,17.3724,22.2624,231
2020,103,163,17.3787,21.924,231
2021,103,163,17.3848,21.4344,257
2022,102,163,17.3905,20.9196,249
2023,102,163,17.3962,20.322,281
2024,102,163,17.4018,20.034,281
2025,103,164,17.4074,20.0952,327
2026,103,164,17.4131,20.5164,327
2027,104,163,17.4189,21.1896,327
2028,104,163,17.425,22.3308,327
2029,104,164,17.4313,24.0804,316
2030,103,164,17.4384,26.7084,316
2031,103,164,17.4464,29.718,148
2032,105,164,17.4551,32.544,164
2033,100,164,17.4642,35.2404,162
2034,100,164,17.4746,37.5624,162
2035,103,164,17.4853,39.7872,173
2036,104,164,17.4966,41.9724,134
2037,105,163,17.5084,44.0784,134
2038,106,163,17.5212,46.4112,122
2039,98,163,17.5342,48.6504,150
2040,99,163,17.548,50.7348,199
2041,102,163,17.5627,53.334,190
2042,103,163,17.5779,55.6596,148
2043,104,162,17.5936,56.5596,138
2044,100,162,17.6095,56.9268,156
2045,95,162,17.6249,57.2328,306
2046,97,162,17.6413,57.438,306
2047,97,162,17.6571,57.402,247
2048,97,162,17.6729,57.4056,220
2049,97,162,17.6892,57.4092,205
2050,97,161,17.7045,57.0456,173
2051,96,162,17.7206,56.5596,171
2052,96,161,17.7362,56.7216,191
2053,95,161,17.7519,56.97,142
2054,95,161,17.768,57.1608,150
2055,95,161,17.7837,57.402,188
2056,95,161,17.7999,57.8124,166
2057,94,160,17.8159,58.1364,128
2058,105,160,17.8318,58.3164,128
2059,105,160,17.8481,58.4172,127
2060,104,160,17.8643,58.3884,99
2061,104,160,17.8809,58.1364,99
2062,103,160,17.8968,57.7008,111
2063,103,160,17.9127,57.078,133
2064,102,159,17.9286,56.3976,168
2065,102,159,17.9442,55.728,156
2066,101,159,17.9594,55.026,165
2067,102,159,17.9748,54.3456,165
2068,101,159,17.9894,53.802,189
2069,101,159,18.0047,53.2728,189
2070,102,159,18.0191,52.884,189
2071,101,159,18.0338,52.7256,195
2072,102,159,18.0489,52.9056,190
2073,101,159,18.0634,52.9596,191
2074,103,158,18.0781,52.74,242
2075,103,158,18.0923,52.3188,217
2076,103,158,18.1072,51.516,216
2077,103,158,18.1214,50.4252,206
2078,103,158,18.1351,49.3776,218
2079,102,158,18.1484,48.3624,218
2080,103,159,18.1617,47.5236,279
2081,103,158,18.1748,46.764,263
2082,103,158,18.188,46.0548,255
2083,102,157,18.2004,45.4284,239
2084,102,157,18.2129,44.856,239
2085,103,157,18.2255,44.4204,272
2086,102,157,18.238,44.0316,249
2087,102,158,18.25,43.668,252
2088,102,158,18.2622,43.3296,240
2089,103,157,18.2742,43.0056,250
2090,102,157,18.2858,42.7572,221
2091,102,158,18.2976,42.4512,221
2092,102,158,18.3094,42.2532,236
2093,103,158,18.3214,42.1344,232
2094,102,159,18.3332,42.228,232
2095,103,159,18.3448,42.804,266
2096,103,159,18.3566,43.6356,254
2097,103,159,18.3692,43.7688,254
2098,103,159,18.3812,42.9552,217
2099,103,159,18.3928,41.7348,214
2100,102,159,18.4044,40.716,214
2101,101,159,18.4156,40.5036,199
2102,103,159,18.4269,40.1508,199
2103,108,159,18.4379,39.1212,199
2104,108,159,18.4483,37.1232,179
2105,106,159,18.4583,34.5996,193
2106,102,159,18.4674,31.9392,155
2107,100,159,18.4759,29.5668,277
2108,99,159,18.484,27.702,343
2109,98,159,18.4914,26.3556,332
2110,97,158,18.4986,25.3584,375
2111,97,159,18.5056,24.8184,296
2112,83,159,18.5123,24.2784,296
2113,76,159,18.519,22.9968,106
2114,72,159,18.5253,22.32,237
2115,74,159,18.5314,22.356,380
2116,75,159,18.5376,22.1868,296
2117,75,160,18.5436,21.5028,286
2118,75,160,18.5496,20.538,278
2119,74,159,18.5552,19.3752,274
2120,74,160,18.5604,18.1656,288
2121,72,160,18.5651,16.9524,288
2122,71,160,18.5698,15.8112,273
2123,69,160,18.5739,14.7708,264
2124,68,160,18.578,13.8276,264
2125,68,161,18.5817,14.004,342
2126,68,160,18.5857,14.094,342
2127,67,161,18.5896,14.3352,342
2128,67,161,18.5936,14.7276,326
2129,67,162,18.5978,15.2136,321
2130,67,161,18.602,15.6492,318
2131,68,162,18.6065,15.9804,343
2132,68,162,18.611,16.3116,328
2133,69,161,18.6155,16.4232,328
2134,69,162,18.6201,16.2972,316
2135,69,162,18.6246,16.218,286
2136,68,162,18.629,15.768,286
2137,68,162,18.6333,15.2496,281
2138,67,162,18.6375,14.7384,272
2139,67,163,18.6416,14.5548,296
2140,66,163,18.6456,14.5944,282
2141,65,163,18.6497,14.7456,282
2142,65,163,18.6538,15.0984,290
2143,65,164,18.6582,15.7068,310
2144,65,163,18.6626,16.4448,274
2145,66,164,18.6673,17.0352,274
2146,66,164,18.6721,17.7048,286
2147,67,164,18.677,18.324,289
2148,68,164,18.6822,18.8352,291
2149,68,164,18.6875,18.9684,242
2150,69,164,18.6928,18.4896,155
2151,82,164,18.6978,17.532,155
2152,89,164,18.7025,16.9956,223
2153,89,164,18.7072,16.7652,218
2154,87,163,18.7119,16.5528,218
2155,87,163,18.7163,16.3512,52
2156,101,163,18.7206,14.7348,52
2157,99,163,18.7247,13.7952,107
2158,99,163,18.7284,13.338,180
2159,100,163,18.7321,13.302,192
2160,100,163,18.7357,13.3992,192
2161,100,163,18.7396,13.5072,193
2162,100,163,18.7433,13.6368,195
2163,100,162,18.7471,13.8168,195
2164,99,162,18.751,14.0328,177
2165,99,162,18.7549,14.1336,176
2166,99,162,18.7588,14.31,176
2167,99,162,18.7629,14.5692,170
2168,100,162,18.7669,14.8644,174
2169,101,162,18.7712,15.2712,174
2170,100,162,18.7754,15.6816,167
2171,101,162,18.7799,16.0668,155
2172,103,161,18.7845,16.578,172
2173,103,161,18.789,17.136,170
2174,103,161,18.794,17.5932,134
2175,104,161,18.7988,17.7372,127
2176,104,161,18.8037,17.8884,123
2177,103,161,18.8089,18.1728,122
2178,103,161,18.8139,18.5544,122
2179,105,160,18.8191,18.9396,111
2180,104,160,18.8243,19.314,115
2181,105,161,18.8298,19.3068,108
2182,105,160,18.8352,19.1016,100
2183,104,160,18.8403,19.1124,99
2184,103,161,18.8458,19.5372,95
2185,104,160,18.8513,20.5308,110
2186,98,160,18.8572,22.266,157
2187,100,159,18.8639,25.1028,190
2188,103,159,18.8714,28.3932,149
2189,107,160,18.8798,31.4028,128
2190,102,159,18.8885,33.7932,128
2191,102,158,18.8983,36.09,155
2192,105,158,18.9085,37.3572,155
2193,104,158,18.919,38.1024,137
2194,101,158,18.9296,38.5956,150
2195,103,157,18.9407,38.8728,130
2196,103,158,18.9514,38.9232,130
2197,103,157,18.9623,38.8512,134
2198,103,157,18.9728,38.682,134
2199,104,157,18.9836,38.3364,157
2200,104,157,18.9941,37.8684,161
2201,105,156,19.0047,37.2852,172
2202,105,156,19.0148,36.7812,172
2203,105,157,19.0249,36.4356,189
2204,105,156,19.0353,36.3204,183
2205,106,156,19.0452,36.6084,194
2206,106,156,19.0557,37.2456,177
2207,106,156,19.066,38.016,163
2208,107,155,19.0769,38.8044,169
2209,107,156,19.0877,39.3336,152
2210,108,155,19.0985,39.6288,151
2211,108,155,19.1098,39.8484,151
2212,109,155,19.1206,40.0608,177
2213,109,155,19.1316,40.1796,167
2214,109,156,19.1432,40.1256,142
2215,108,156,19.1543,39.8412,149
2216,107,155,19.1653,39.3768,149
2217,107,155,19.1758,38.8692,149
2218,107,154,19.1869,38.4516,151
2219,105,154,19.1973,38.3688,157
2220,107,154,19.2079,38.4228,172
2221,107,154,19.2188,38.3832,158
2222,106,154,19.2293,38.1024,162
2223,107,154,19.2399,37.3824,162
2224,108,153,19.2501,36.3996,198
2225,107,153,19.2601,35.1864,182
2226,107,153,19.2697,33.7104,182
2227,105,153,19.2787,32.1912,219
2228,104,153,19.2875,30.5388,219
2229,102,153,19.2955,29.0232,216
2230,102,153,19.3037,27.7992,216
2231,103,154,19.3112,27.1476,216
2232,108,154,19.3187,26.7984,188
2233,106,154,19.3262,26.7084,188
2234,107,154,19.3335,26.8704,264
2235,107,154,19.3412,27.2052,212
2236,108,154,19.3486,27.1728,200
2237,107,154,19.3561,26.8596,185
2238,107,154,19.3635,26.2872,195
2239,106,154,19.3707,25.5564,182
2240,105,154,19.3777,24.7104,235
2241,104,154,19.3845,24.1524,235
2242,104,154,19.3912,23.5548,226
2243,105,154,19.3974,23.13,255
2244,104,154,19.4038,22.7556,251
2245,104,154,19.4101,22.5468,278
2246,104,154,19.4165,22.374,269
2247,105,155,19.4226,22.2444,269
2248,105,155,19.4289,22.176,292
2249,106,155,19.4349,22.3452,292
2250,105,155,19.4413,22.5,274
2251,105,156,19.4474,22.5936,252
2252,105,156,19.4538,22.7124,251
2253,105,156,19.46,22.8564,250
2254,105,156,19.4665,22.9644,250
2255,106,156,19.4729,23.1192,253
2256,105,156,19.4792,23.2092,227
2257,105,156,19.4857,23.274,238
2258,105,156,19.4921,23.3316,231
2259,105,156,19.4988,23.2884,224
2260,105,156,19.5051,23.1984,224
2261,105,157,19.5116,23.1444,233
2262,105,157,19.518,23.04,223
2263,104,156,19.5245,22.8492,223
2264,104,156,19.5307,22.6296,223
2265,104,157,19.5369,22.3164,211
2266,103,156,19.5432,21.9708,220
2267,103,157,19.5492,21.7044,242
2268,103,157,19.5551,21.5712,247
2269,103,157,19.5612,21.4956,250
2270,103,157,19.5672,21.5172,262
2271,104,157,19.5732,21.654,262
2272,103,157,19.579,21.8484,262
2273,104,157,19.5852,21.996,244
2274,104,157,19.5913,22.2084,244
2275,105,157,19.5975,22.5288,253
2276,104,157,19.6039,22.7052,221
2277,105,158,19.6103,22.9284,252
2278,105,158,19.6167,22.9896,219
2279,105,158,19.623,23.022,225
2280,106,158,19.6294,23.0868,228
2281,105,158,19.6358,23.1552,225
2282,105,158,19.6422,23.2236,225
2283,105,158,19.6488,23.2992,224
2284,105,158,19.6552,23.292,206
2285,105,159,19.6615,23.328,213
2286,105,158,19.6682,23.4684,231
2287,104,159,19.6746,23.562,208
2288,105,159,19.6812,23.6736,211
2289,104,159,19.6879,23.8212,208
2290,104,159,19.6945,23.9832,203
2291,105,159,19.7013,24.2064,211
2292,105,160,19.7078,24.4908,187
2293,105,160,19.7148,24.7752,187
2294,105,160,19.7217,25.254,175
2295,105,160,19.7289,25.7868,161
2296,105,159,19.736,26.3916,161
2297,106,159,19.7434,27.108,160
2298,103,159,19.7511,28.1304,229
2299,103,159,19.759,29.3472,260
2300,105,159,19.7674,30.4596,172
2301,105,159,19.7761,31.212,166
2302,105,159,19.7848,31.9032,145
2303,105,158,19.7938,32.4324,143
2304,105,158,19.8028,32.8248,143
2305,105,159,19.8121,33.012,145
2306,105,158,19.8212,33.1812,151
2307,105,158,19.8304,33.2856,151
2308,103,157,19.8397,32.9508,156
2309,101,157,19.8488,32.5656,216
2310,102,157,19.8579,32.1876,216
2311,102,158,19.8667,31.896,245
2312,102,158,19.8754,31.644,250
2313,101,157,19.8842,31.3704,247
2314,100,157,19.8927,30.9672,247
2315,99,157,19.9014,30.4524,147
2316,104,157,19.9098,29.5596,147
2317,103,157,19.9178,28.9044,190
2318,102,157,19.926,28.3968,209
2319,102,157,19.9335,27.9756,209
2320,101,158,19.9413,27.5724,211
2321,101,157,19.949,27.2232,213
2322,100,157,19.9565,26.9316,210
2323,100,158,19.964,26.6796,212
2324,100,157,19.9714,26.3916,170
2325,81,158,19.9785,25.6428,15
2326,81,158,19.9854,24.1596,15
2327,81,157,19.9916,20.0304,0
2328,0,158,19.9965,15.9192,0
2329,0,157,20.0003,11.8512,0
2330,0,156,20.0031,7.6392,0
2331,0,156,20.0046,3.5784,0
2332,0,155,20.0051,0.2592,0
2333,0,155,20.0051,0,0
2334,0,154,20.0051,0,0
2335,0,153,20.0051,0,0
